Datetime,price_ETHBTC,balance_ETH,balance_btc,
2017-11-10,0.04521699994802475
2017-11-11,0.04949700087308884
2017-11-12,0.05174899846315384
2017-11-13,0.048284001648426056
2017-11-14,0.050880998373031616
2017-11-15,0.04556800052523613
2017-11-16,0.04204000160098076
2017-11-17,0.04311800003051758
2017-11-18,0.04462200030684471
2017-11-19,0.04409699887037277
2017-11-20,0.04472000151872635
2017-11-21,0.044652000069618225
2017-11-22,0.04611999914050102
2017-11-23,0.05102299898862839
2017-11-24,0.05753900110721588
2017-11-25,0.0530409999191761
2017-11-26,0.05051499977707863
2017-11-27,0.048923999071121216
2017-11-28,0.04701400175690651
2017-11-29,0.043234001845121384
2017-11-30,0.0436910018324852
2017-12-01,0.042507000267505646
2017-12-02,0.04184800013899803
2017-12-03,0.041140999644994736
2017-12-04,0.0403360016644001
2017-12-05,0.0388760007917881
2017-12-06,0.029989000409841537
2017-12-07,0.024268999695777893
2017-12-08,0.027521999552845955
2017-12-09,0.031196000054478645
2017-12-10,0.02858000062406063
2017-12-11,0.030415000393986702
2017-12-12,0.03740600124001503
2017-12-13,0.042830001562833786
2017-12-14,0.04200800135731697
2017-12-15,0.03865399956703186
2017-12-16,0.035707999020814896
2017-12-17,0.03761500120162964
2017-12-18,0.04157299920916557
2017-12-19,0.046512000262737274
2017-12-20,0.049268998205661774
2017-12-21,0.05195700004696846
2017-12-22,0.04879000037908554
2017-12-23,0.048941001296043396
2017-12-24,0.04984600096940994
2017-12-25,0.05459899827837944
2017-12-26,0.04806499928236008
2017-12-27,0.0481639988720417
2017-12-28,0.05045799911022186
2017-12-29,0.0514179989695549
2017-12-30,0.05537699908018112
2017-12-31,0.05345499888062477
2018-01-01,0.05657399818301201
2018-01-02,0.059032998979091644
2018-01-03,0.06333299726247787
2018-01-04,0.06288299709558487
2018-01-05,0.05724300071597099
2018-01-06,0.059432998299598694
2018-01-07,0.06998399645090103
2018-01-08,0.0757099986076355
2018-01-09,0.08905100077390671
2018-01-10,0.08387000113725662
2018-01-11,0.08615200221538544
2018-01-12,0.09106899797916412
2018-01-13,0.09724300354719162
2018-01-14,0.09924300014972687
2018-01-15,0.09348300099372864
2018-01-16,0.09170100092887878
2018-01-17,0.09064999967813492
2018-01-18,0.09030800312757492
2018-01-19,0.08951999992132187
2018-01-20,0.08955200016498566
2018-01-21,0.09047999978065491
2018-01-22,0.09177800267934799
2018-01-23,0.09074299782514572
2018-01-24,0.09320800006389618
2018-01-25,0.09379100054502487
2018-01-26,0.09445299953222275
2018-01-27,0.09676600247621536
2018-01-28,0.10571599751710892
2018-01-29,0.10466700047254562
2018-01-30,0.10598599910736084
2018-01-31,0.10941199958324432
2018-02-01,0.11305700242519379
2018-02-02,0.10370399802923203
2018-02-03,0.10507100075483322
2018-02-04,0.10084299743175507
2018-02-05,0.10034800320863724
2018-02-06,0.10228600353002548
2018-02-07,0.09933599829673767
2018-02-08,0.09894099831581116
2018-02-09,0.10116399824619293
2018-02-10,0.09979400038719177
2018-02-11,0.10020499676465988
2018-02-12,0.09731700271368027
2018-02-13,0.09830500185489655
2018-02-14,0.09727200120687485
2018-02-15,0.09216400235891342
2018-02-16,0.09226299822330475
2018-02-17,0.08765800297260284
2018-02-18,0.0875609964132309
2018-02-19,0.08408399671316147
2018-02-20,0.07851599901914597
2018-02-21,0.07950799912214279
2018-02-22,0.08124399930238724
2018-02-23,0.08389300107955933
2018-02-24,0.08565299957990646
2018-02-25,0.08741199970245361
2018-02-26,0.08385699987411499
2018-02-27,0.08188500255346298
2018-02-28,0.08224699646234512
2018-03-01,0.07964599877595901
2018-03-02,0.07728800177574158
2018-03-03,0.07460799813270569
2018-03-04,0.07528100162744522
2018-03-05,0.07376299798488617
2018-03-06,0.07578500360250473
2018-03-07,0.07554300129413605
2018-03-08,0.07499700039625168
2018-03-09,0.078063003718853
2018-03-10,0.07747499644756317
2018-03-11,0.0755160003900528
2018-03-12,0.07602600008249283
2018-03-13,0.07513199746608734
2018-03-14,0.0742809996008873
2018-03-15,0.07364299893379211
2018-03-16,0.07215599715709686
2018-03-17,0.0698229968547821
2018-03-18,0.06549900025129318
2018-03-19,0.06450600177049637
2018-03-20,0.06250900030136108
2018-03-21,0.06290899962186813
2018-03-22,0.0618319995701313
2018-03-23,0.060770999640226364
2018-03-24,0.06073300167918205
2018-03-25,0.06171099841594696
2018-03-26,0.05968200042843819
2018-03-27,0.05746399983763695
2018-03-28,0.05610400065779686
2018-03-29,0.05386300012469292
2018-03-30,0.057273998856544495
2018-03-31,0.05685200169682503
2018-04-01,0.0554639995098114
2018-04-02,0.05455100163817406
2018-04-03,0.05591300129890442
2018-04-04,0.05552300065755844
2018-04-05,0.05626299977302551
2018-04-06,0.05579699948430061
2018-04-07,0.05575300008058548
2018-04-08,0.057023998349905014
2018-04-09,0.05886000022292137
2018-04-10,0.06060799956321716
2018-04-11,0.061785001307725906
2018-04-12,0.06248300150036812
2018-04-13,0.06240300089120865
2018-04-14,0.06279300153255463
2018-04-15,0.06383699923753738
2018-04-16,0.06342799961566925
2018-04-17,0.06364099681377411
2018-04-18,0.06428500264883041
2018-04-19,0.06846699863672256
2018-04-20,0.06960500031709671
2018-04-21,0.06805600225925446
2018-04-22,0.0706460028886795
2018-04-23,0.07194700092077255
2018-04-24,0.07302500307559967
2018-04-25,0.06957200169563293
2018-04-26,0.07141199707984924
2018-04-27,0.07199600338935852
2018-04-28,0.07313299924135208
2018-04-29,0.07313700020313263
2018-04-30,0.07249800115823746
2018-05-01,0.0738689973950386
2018-05-02,0.07440000027418137
2018-05-03,0.0800039991736412
2018-05-04,0.08098600059747696
2018-05-05,0.08278600126504898
2018-05-06,0.08206400275230408
2018-05-07,0.08041399717330933
2018-05-08,0.08152399957180023
2018-05-09,0.08067099750041962
2018-05-10,0.0804160013794899
2018-05-11,0.08050499856472015
2018-05-12,0.08066499978303909
2018-05-13,0.08407799899578094
2018-05-14,0.0838090032339096
2018-05-15,0.08329500257968903
2018-05-16,0.08448600023984909
2018-05-17,0.08310200273990631
2018-05-18,0.08415599912405014
2018-05-19,0.08445700258016586
2018-05-20,0.08403000235557556
2018-05-21,0.08305300027132034
2018-05-22,0.08054699748754501
2018-05-23,0.0772159993648529
2018-05-24,0.07930999994277954
2018-05-25,0.07843899726867676
2018-05-26,0.07983800023794174
2018-05-27,0.0777209997177124
2018-05-28,0.07231499999761581
2018-05-29,0.07566200196743011
2018-05-30,0.0755539983510971
2018-05-31,0.07707899808883667
2018-06-01,0.0769139975309372
2018-06-02,0.07742699980735779
2018-06-04,0.07891199737787247
2018-06-05,0.07981699705123901
2018-06-06,0.0793209969997406
2018-06-07,0.07881800085306168
2018-06-08,0.07883100211620331
2018-06-09,0.07933700084686279
2018-06-10,0.07758300006389618
2018-06-11,0.07721000164747238
2018-06-12,0.07548099756240845
2018-06-13,0.0751969963312149
2018-06-14,0.07785999774932861
2018-06-15,0.07604700326919556
2018-06-16,0.07627899944782257
2018-06-17,0.07700099796056747
2018-06-18,0.0770459994673729
2018-06-19,0.07946299761533737
2018-06-20,0.07913599908351898
2018-06-21,0.07836399972438812
2018-06-22,0.07656800001859665
2018-06-23,0.07700099796056747
2018-06-24,0.07413800060749054
2018-06-25,0.0736590027809143
2018-06-26,0.07101999968290329
2018-06-27,0.07184600085020065
2018-06-28,0.07154600322246552
2018-06-29,0.07011699676513672
2018-06-30,0.07107699662446976
2018-07-01,0.07108200341463089
2018-07-02,0.07186800241470337
2018-07-03,0.07109100371599197
2018-07-04,0.07083199918270111
2018-07-05,0.07145699858665466
2018-07-06,0.07102899998426437
2018-07-07,0.0717030018568039
2018-07-08,0.0722069963812828
2018-07-09,0.07070600241422653
2018-07-10,0.06863000243902206
2018-07-11,0.06982599943876266
2018-07-12,0.06904599815607071
2018-07-13,0.06957700103521347
2018-07-14,0.06948299705982208
2018-07-15,0.07073500007390976
2018-07-16,0.07129599899053574
2018-07-17,0.0684330016374588
2018-07-18,0.06519199907779694
2018-07-19,0.06289400160312653
2018-07-20,0.061285000294446945
2018-07-21,0.06232900172472
2018-07-22,0.06196099892258644
2018-07-23,0.05846799910068512
2018-07-24,0.05690399929881096
2018-07-25,0.05775199830532074
2018-07-26,0.058357998728752136
2018-07-27,0.0575219988822937
2018-07-28,0.05699300020933151
2018-07-29,0.05678299814462662
2018-07-30,0.05587499961256981
2018-07-31,0.05576400086283684
2018-08-01,0.055181000381708145
2018-08-02,0.05452800169587135
2018-08-03,0.05626000091433525
2018-08-04,0.05790700018405914
2018-08-05,0.058077000081539154
2018-08-06,0.058497000485658646
2018-08-07,0.05630199983716011
2018-08-08,0.05655299872159958
2018-08-09,0.05565999820828438
2018-08-10,0.05403300002217293
2018-08-11,0.05116400122642517
2018-08-12,0.05054299905896187
2018-08-13,0.045492999255657196
2018-08-14,0.04499100148677826
2018-08-15,0.04475900158286095
2018-08-16,0.04547100141644478
2018-08-17,0.047979000955820084
2018-08-18,0.04605000093579292
2018-08-19,0.04623899981379509
2018-08-20,0.04348300024867058
2018-08-21,0.04345100000500679
2018-08-22,0.042552001774311066
2018-08-23,0.04240399971604347
2018-08-24,0.042107999324798584
2018-08-25,0.04134799912571907
2018-08-26,0.041030000895261765
2018-08-27,0.04148399829864502
2018-08-28,0.04178199917078018
2018-08-29,0.041053999215364456
2018-08-30,0.040713001042604446
2018-08-31,0.040213000029325485
2018-09-01,0.041058000177145004
2018-09-02,0.0404760017991066
2018-09-03,0.03984300047159195
2018-09-04,0.038812000304460526
2018-09-05,0.03420199826359749
2018-09-06,0.035259000957012177
2018-09-07,0.03358599916100502
2018-09-08,0.031794000416994095
2018-09-09,0.03125400096178055
2018-09-10,0.031136000528931618
2018-09-11,0.029277000576257706
2018-09-12,0.028862999752163887
2018-09-13,0.032430000603199005
2018-09-14,0.03251300007104874
2018-09-15,0.0340920016169548
2018-09-16,0.03384700044989586
2018-09-17,0.03150299936532974
2018-09-18,0.03295600041747093
2018-09-19,0.03281499817967415
2018-09-20,0.03444800153374672
2018-09-21,0.03661299869418144
2018-09-22,0.03577499836683273
2018-09-23,0.03640900179743767
2018-09-24,0.03468000143766403
2018-09-25,0.03389500081539154
2018-09-26,0.033233001828193665
2018-09-27,0.03422199934720993
2018-09-28,0.033472999930381775
2018-09-29,0.035085998475551605
2018-09-30,0.03514400124549866
2018-10-01,0.035020001232624054
2018-10-02,0.034651998430490494
2018-10-03,0.033907998353242874
2018-10-04,0.033789001405239105
2018-10-05,0.03436800092458725
2018-10-06,0.034170001745224
2018-10-07,0.034244999289512634
2018-10-08,0.03446299955248833
2018-10-09,0.034320998936891556
2018-10-10,0.034283000975847244
2018-10-11,0.03029000014066696
2018-10-12,0.03135300055146217
2018-10-13,0.03179199993610382
2018-10-14,0.03111100010573864
2018-10-15,0.03178999945521355
2018-10-16,0.03185499832034111
2018-10-17,0.03164299950003624
2018-10-18,0.03139699995517731
2018-10-19,0.03150999918580055
2018-10-20,0.03165699914097786
2018-10-21,0.0316459983587265
2018-10-22,0.03145400062203407
2018-10-23,0.031553998589515686
2018-10-24,0.0313819982111454
2018-10-25,0.03130200132727623
2018-10-26,0.03140300139784813
2018-10-27,0.031511999666690826
2018-10-28,0.03166100010275841
2018-10-29,0.031147999688982964
2018-10-30,0.0311879999935627
2018-10-31,0.03124300017952919
2018-11-01,0.031182000413537025
2018-11-02,0.03140600025653839
2018-11-03,0.03147000074386597
2018-11-04,0.032540999352931976
2018-11-05,0.0325700007379055
2018-11-06,0.03381099924445152
2018-11-07,0.03325900062918663
2018-11-08,0.032885000109672546
2018-11-09,0.03289800137281418
2018-11-10,0.03316099941730499
2018-11-11,0.03296399861574173
2018-11-12,0.03302599862217903
2018-11-13,0.03252200037240982
2018-11-14,0.03161099925637245
2018-11-15,0.03201200067996979
2018-11-16,0.03141900151968002
2018-11-17,0.03132700175046921
2018-11-18,0.03148699924349785
2018-11-19,0.030621999874711037
2018-11-20,0.029277000576257706
2018-11-21,0.029704000800848007
2018-11-22,0.029021000489592552
2018-11-23,0.028363000601530075
2018-11-24,0.029245000332593918
2018-11-25,0.029039999470114708
2018-11-26,0.02866699919104576
2018-11-27,0.02879299968481064
2018-11-28,0.028759000822901726
2018-11-29,0.02747100032866001
2018-11-30,0.028170999139547348
2018-12-01,0.028147999197244644
2018-12-02,0.02811400033533573
2018-12-03,0.02797199971973896
2018-12-04,0.02785399928689003
2018-12-05,0.02729799970984459
2018-12-06,0.02606000006198883
2018-12-07,0.02727999910712242
2018-12-08,0.02651200070977211
2018-12-09,0.02632400020956993
2018-12-10,0.026176000013947487
2018-12-11,0.02597299963235855
2018-12-12,0.025980999693274498
2018-12-13,0.02611600048840046
2018-12-14,0.02600100077688694
2018-12-15,0.02608799934387207
2018-12-16,0.026211999356746674
2018-12-17,0.026830000802874565
2018-12-18,0.02735700085759163
2018-12-19,0.02703399956226349
2018-12-20,0.028108999133110046
2018-12-21,0.0281009990721941
2018-12-22,0.029086999595165253
2018-12-23,0.03269999846816063
2018-12-24,0.034384001046419144
2018-12-25,0.03403099998831749
2018-12-26,0.034185998141765594
2018-12-27,0.03189599886536598
2018-12-28,0.035078998655080795
2018-12-29,0.0361270010471344
2018-12-30,0.03617699816823006
2018-12-31,0.03563399985432625
2019-01-01,0.03663799911737442
2019-01-02,0.03931799903512001
2019-01-03,0.03886999934911728
2019-01-04,0.040070999413728714
2019-01-05,0.0404760017991066
2019-01-06,0.03869500011205673
2019-01-07,0.03768699988722801
2019-01-08,0.03730199858546257
2019-01-09,0.03737099841237068
2019-01-10,0.03496300056576729
2019-01-11,0.03459100052714348
2019-01-12,0.034405000507831573
2019-01-13,0.03290199860930443
2019-01-14,0.03482599928975105
2019-01-15,0.033612001687288284
2019-01-16,0.03380199894309044
2019-01-17,0.03363899886608124
2019-01-18,0.03308200091123581
2019-01-19,0.03339599817991257
2019-01-20,0.03317800164222717
2019-01-21,0.03276199847459793
2019-01-22,0.032944001257419586
2019-01-23,0.03276100009679794
2019-01-24,0.032593000680208206
2019-01-25,0.032329000532627106
2019-01-26,0.032336000353097916
2019-01-27,0.03164200112223625
2019-01-28,0.030713999643921852
2019-01-29,0.030625000596046448
2019-01-30,0.03123999945819378
2019-01-31,0.03096199966967106
2019-02-01,0.030851999297738075
2019-02-02,0.031362999230623245
2019-02-03,0.03103099949657917
2019-02-04,0.03116999939084053
2019-02-05,0.03099600039422512
2019-02-06,0.030734000727534294
2019-02-07,0.030750000849366188
2019-02-08,0.032526999711990356
2019-02-09,0.03253199905157089
2019-02-10,0.03382100164890289
2019-02-11,0.033247001469135284
2019-02-12,0.033548999577760696
2019-02-13,0.03374199941754341
2019-02-14,0.03356200084090233
2019-02-15,0.03372199833393097
2019-02-16,0.03395799919962883
2019-02-17,0.036364998668432236
2019-02-18,0.037310998886823654
2019-02-19,0.036823999136686325
2019-02-20,0.037390001118183136
2019-02-21,0.03695699945092201
2019-02-22,0.0372220017015934
2019-02-23,0.038332998752593994
2019-02-24,0.035652998834848404
2019-02-25,0.03601200133562088
2019-02-26,0.03582699969410896
2019-02-27,0.03534799814224243
2019-02-28,0.03547399863600731
2019-03-01,0.03535199910402298
2019-03-02,0.0347290001809597
2019-03-03,0.03437599912285805
2019-03-04,0.0339680016040802
2019-03-05,0.03537200018763542
2019-03-06,0.03555100038647652
2019-03-07,0.03528999909758568
2019-03-08,0.034637998789548874
2019-03-09,0.034811001271009445
2019-03-10,0.03460799902677536
2019-03-11,0.03426999971270561
2019-03-12,0.03439199924468994
2019-03-13,0.03411100059747696
2019-03-14,0.03407200053334236
2019-03-15,0.03476300090551376
2019-03-16,0.03517099842429161
2019-03-17,0.03478100150823593
2019-03-18,0.03456300124526024
2019-03-19,0.034515999257564545
2019-03-20,0.03441900014877319
2019-03-21,0.03390999883413315
2019-03-22,0.03409099951386452
2019-03-23,0.03425300121307373
2019-03-24,0.03405800089240074
2019-03-25,0.03407200053334236
2019-03-26,0.03399199992418289
2019-03-27,0.0344959981739521
2019-03-28,0.034262001514434814
2019-03-29,0.03476899862289429
2019-03-30,0.03460099920630455
2019-03-31,0.03446999937295914
2019-04-01,0.034109000116586685
2019-04-02,0.03359999880194664
2019-04-03,0.03246700018644333
2019-04-04,0.03210600093007088
2019-04-05,0.03286200016736984
2019-04-06,0.03279700130224228
2019-04-07,0.03357100114226341
2019-04-08,0.0340769998729229
2019-04-09,0.0338359996676445
2019-04-10,0.033305998891592026
2019-04-11,0.03267800062894821
2019-04-12,0.032368000596761703
2019-04-13,0.03227899968624115
2019-04-14,0.03247800096869469
2019-04-15,0.0318869985640049
2019-04-16,0.032016001641750336
2019-04-17,0.03178799897432327
2019-04-18,0.03280499950051308
2019-04-19,0.03275199979543686
2019-04-20,0.03255100175738335
2019-04-21,0.03199699893593788
2019-04-22,0.031831998378038406
2019-04-23,0.030767999589443207
2019-04-24,0.030344000086188316
2019-04-25,0.02964399941265583
2019-04-26,0.029614999890327454
2019-04-27,0.030073000118136406
2019-04-28,0.02976199984550476
2019-04-29,0.029577000066637993
2019-04-30,0.030307000502943993
2019-05-01,0.02976600080728531
2019-05-02,0.02944899909198284
2019-05-03,0.029116999357938766
2019-05-04,0.02812900021672249
2019-05-05,0.028201999142766
2019-05-06,0.030043000355362892
2019-05-07,0.029126999899744987
2019-05-08,0.028574999421834946
2019-05-09,0.02757900021970272
2019-05-10,0.027142999693751335
2019-05-11,0.026969000697135925
2019-05-12,0.02686700038611889
2019-05-13,0.025188999250531197
2019-05-14,0.027163000777363777
2019-05-15,0.030122000724077225
2019-05-16,0.03348299860954285
2019-05-17,0.03319299966096878
2019-05-18,0.03226400166749954
2019-05-19,0.031874001026153564
2019-05-20,0.03156900033354759
2019-05-21,0.03204900026321411
2019-05-22,0.03186199814081192
2019-05-23,0.031207000836730003
2019-05-24,0.031235000118613243
2019-05-25,0.031265001744031906
2019-05-26,0.030791999772191048
2019-05-27,0.030987000092864037
2019-05-28,0.03116600029170513
2019-05-29,0.031116999685764313
2019-05-30,0.030753999948501587
2019-05-31,0.031268998980522156
2019-06-01,0.03098900057375431
2019-06-02,0.030907999724149704
2019-06-03,0.030772000551223755
2019-06-04,0.031311001628637314
2019-06-05,0.031575001776218414
2019-06-06,0.03189399838447571
2019-06-07,0.03119499981403351
2019-06-08,0.030894000083208084
2019-06-09,0.0303179994225502
2019-06-10,0.030938999727368355
2019-06-11,0.03100300021469593
2019-06-12,0.03202899917960167
2019-06-13,0.031122999265789986
2019-06-14,0.030376000329852104
2019-06-15,0.030438000336289406
2019-06-16,0.02993199974298477
2019-06-17,0.02943599969148636
2019-06-18,0.02918500080704689
2019-06-19,0.029053999111056328
2019-06-20,0.02851800061762333
2019-06-21,0.02907099947333336
2019-06-22,0.028908999636769295
2019-06-23,0.028356999158859253
2019-06-24,0.028192000463604927
2019-06-25,0.02698099985718727
2019-06-26,0.02587199956178665
2019-06-27,0.02631399966776371
2019-06-28,0.0250840000808239
2019-06-29,0.02676199935376644
2019-06-30,0.0268740002065897
2019-07-01,0.02774599939584732
2019-07-02,0.02699499949812889
2019-07-03,0.025340000167489052
2019-07-04,0.02536899968981743
2019-07-05,0.026233000680804253
2019-07-06,0.02565399929881096
2019-07-07,0.026697000488638878
2019-07-08,0.02549700066447258
2019-07-09,0.02456500008702278
2019-07-10,0.02385599911212921
2019-07-11,0.023655999451875687
2019-07-12,0.023382000625133514
2019-07-13,0.023653000593185425
2019-07-14,0.022190000861883163
2019-07-15,0.021090000867843628
2019-07-16,0.021017000079154968
2019-07-17,0.021817000582814217
2019-07-18,0.021240999922156334
2019-07-19,0.021018000319600105
2019-07-20,0.021278999745845795
2019-07-21,0.02128800004720688
2019-07-22,0.021034000441432
2019-07-23,0.02148599922657013
2019-07-24,0.022120999172329903
2019-07-25,0.02215700037777424
2019-07-26,0.022252000868320465
2019-07-27,0.021883999928832054
2019-07-28,0.022106999531388283
2019-07-29,0.022193999961018562
2019-07-30,0.021911999210715294
2019-07-31,0.02167999930679798
2019-08-01,0.02094399929046631
2019-08-02,0.02071399986743927
2019-08-03,0.020560000091791153
2019-08-04,0.020298000425100327
2019-08-05,0.019838999956846237
2019-08-06,0.019690999761223793
2019-08-07,0.01895800046622753
2019-08-08,0.018464000895619392
2019-08-09,0.017743000760674477
2019-08-10,0.01820800080895424
2019-08-11,0.018751999363303185
2019-08-12,0.01856200024485588
2019-08-13,0.019154999405145645
2019-08-14,0.018564999103546143
2019-08-15,0.01828099973499775
2019-08-16,0.017875000834465027
2019-08-17,0.018147999420762062
2019-08-18,0.01879899948835373
2019-08-19,0.018604999408125877
2019-08-20,0.01826299913227558
2019-08-21,0.018434999510645866
2019-08-22,0.01888599991798401
2019-08-23,0.018706999719142914
2019-08-24,0.018828000873327255
2019-08-25,0.018428999930620193
2019-08-26,0.018216999247670174
2019-08-27,0.01840999908745289
2019-08-28,0.017827000468969345
2019-08-29,0.01782499998807907
2019-08-30,0.017589999362826347
2019-08-31,0.017907999455928802
2019-09-01,0.01758899912238121
2019-09-02,0.017237000167369843
2019-09-03,0.016896000131964684
2019-09-04,0.01661200076341629
2019-09-05,0.016473999246954918
2019-09-06,0.016416000202298164
2019-09-07,0.016950000077486038
2019-09-08,0.017369000241160393
2019-09-09,0.017527999356389046
2019-09-10,0.01777300052344799
2019-09-11,0.017558999359607697
2019-09-12,0.01738799922168255
2019-09-13,0.0174809992313385
2019-09-14,0.018160000443458557
2019-09-15,0.018340999260544777
2019-09-16,0.019179999828338623
2019-09-17,0.020369000732898712
2019-09-18,0.02072799950838089
2019-09-19,0.021554000675678253
2019-09-20,0.02141599915921688
2019-09-21,0.021508999168872833
2019-09-22,0.021006999537348747
2019-09-23,0.020754000172019005
2019-09-24,0.01950100064277649
2019-09-25,0.020136000588536263
2019-09-26,0.020535999909043312
2019-09-27,0.021172000095248222
2019-09-28,0.021170999854803085
2019-09-29,0.021038999781012535
2019-09-30,0.02168699912726879
2019-10-01,0.021254999563097954
2019-10-02,0.02153100073337555
2019-10-03,0.02121100015938282
2019-10-04,0.021568000316619873
2019-10-05,0.021633999422192574
2019-10-06,0.021663999184966087
2019-10-07,0.021973999217152596
2019-10-08,0.022120000794529915
2019-10-09,0.02248699963092804
2019-10-10,0.022321000695228577
2019-10-11,0.021939000114798546
2019-10-12,0.02169100008904934
2019-10-13,0.021880999207496643
2019-10-14,0.022324999794363976
2019-10-15,0.02210799977183342
2019-10-16,0.02187200076878071
2019-10-17,0.021967999637126923
2019-10-18,0.021776000037789345
2019-10-19,0.02164500020444393
2019-10-20,0.021348999813199043
2019-10-21,0.021219000220298767
2019-10-22,0.02132900059223175
2019-10-23,0.02161099947988987
2019-10-24,0.021640999242663383
2019-10-25,0.020958999171853065
2019-10-26,0.01945200003683567
2019-10-27,0.01928899995982647
2019-10-28,0.01973400078713894
2019-10-29,0.020190000534057617
2019-10-30,0.020062999799847603
2019-10-31,0.019997000694274902
2019-11-01,0.019865000620484352
2019-11-02,0.019725000485777855
2019-11-03,0.019752999767661095
2019-11-04,0.019797999411821365
2019-11-05,0.020262999460101128
2019-11-06,0.020468000322580338
2019-11-07,0.02028300054371357
2019-11-08,0.020921999588608742
2019-11-09,0.020994000136852264
2019-11-10,0.020924000069499016
2019-11-11,0.02118000015616417
2019-11-12,0.02119399979710579
2019-11-13,0.021372999995946884
2019-11-14,0.021359000355005264
2019-11-15,0.021258000284433365
2019-11-16,0.021441999822854996
2019-11-17,0.021580999717116356
2019-11-18,0.021730000153183937
2019-11-19,0.02162499912083149
2019-11-20,0.021888000890612602
2019-11-21,0.021126000210642815
2019-11-22,0.020594000816345215
2019-11-23,0.02073800005018711
2019-11-24,0.02026600018143654
2019-11-25,0.020496999844908714
2019-11-26,0.02063699997961521
2019-11-27,0.020315999165177345
2019-11-28,0.020329000428318977
2019-11-29,0.020010000094771385
2019-11-30,0.020152000710368156
2019-12-01,0.020363999530673027
2019-12-02,0.020357999950647354
2019-12-03,0.020212000235915184
2019-12-04,0.020235000178217888
2019-12-05,0.020037999376654625
2019-12-06,0.01976899988949299
2019-12-07,0.01968800090253353
2019-12-08,0.019997000694274902
2019-12-09,0.020028000697493553
2019-12-10,0.020097000524401665
2019-12-11,0.01989700086414814
2019-12-12,0.0201019998639822
2019-12-13,0.019937999546527863
2019-12-14,0.020052999258041382
2019-12-15,0.020010000094771385
2019-12-16,0.019274000078439713
2019-12-17,0.018463000655174255
2019-12-18,0.018290000036358833
2019-12-19,0.01795399934053421
2019-12-20,0.017878999933600426
2019-12-21,0.01781800016760826
2019-12-22,0.017621999606490135
2019-12-23,0.01748500019311905
2019-12-24,0.017626000568270683
2019-12-25,0.017381999641656876
2019-12-26,0.017456000670790672
2019-12-27,0.01744999922811985
2019-12-28,0.017534999176859856
2019-12-29,0.018154999241232872
2019-12-30,0.018185999244451523
2019-12-31,0.018017999827861786
2020-01-01,0.018167000263929367
2020-01-02,0.01823900081217289
2020-01-03,0.01826700009405613
2020-01-04,0.018225999549031258
2020-01-05,0.01838799938559532
2020-01-06,0.018573999404907227
2020-01-07,0.017582999542355537
2020-01-08,0.017482999712228775
2020-01-09,0.017638999968767166
2020-01-10,0.017627999186515808
2020-01-11,0.017782000824809074
2020-01-12,0.017805999144911766
2020-01-13,0.017709000036120415
2020-01-14,0.01879899948835373
2020-01-15,0.01887499913573265
2020-01-16,0.018843999132514
2020-01-17,0.01912599988281727
2020-01-18,0.019610000774264336
2020-01-19,0.01917799934744835
2020-01-20,0.01930299960076809
2020-01-21,0.01940299943089485
2020-01-22,0.019386999309062958
2020-01-23,0.019380999729037285
2020-01-24,0.0193060003221035
2020-01-25,0.019274000078439713
2020-01-26,0.019550999626517296
2020-01-27,0.01918499916791916
2020-01-28,0.018845999613404274
2020-01-29,0.018789000809192657
2020-01-30,0.019423000514507294
2020-01-31,0.019267000257968903
2020-02-01,0.019555000588297844
2020-02-02,0.020184999331831932
2020-02-03,0.020430000498890877
2020-02-04,0.02061299979686737
2020-02-05,0.021244000643491745
2020-02-06,0.021824000403285027
2020-02-07,0.02273700013756752
2020-02-08,0.022619999945163727
2020-02-09,0.022593999281525612
2020-02-10,0.022677000612020493
2020-02-11,0.023104000836610794
2020-02-12,0.025702999904751778
2020-02-13,0.026247000321745872
2020-02-14,0.02756199985742569
2020-02-15,0.02676899917423725
2020-02-16,0.02616100013256073
2020-02-17,0.027488000690937042
2020-02-18,0.027799999341368675
2020-02-19,0.026964999735355377
2020-02-20,0.02684600092470646
2020-02-21,0.02741999924182892
2020-02-22,0.02714800089597702
2020-02-23,0.027583999559283257
2020-02-24,0.027482999488711357
2020-02-25,0.026528000831604004
2020-02-26,0.025585999712347984
2020-02-27,0.02581300027668476
2020-02-28,0.02614700049161911
2020-02-29,0.025565000250935555
2020-03-01,0.0255730003118515
2020-03-02,0.025994999334216118
2020-03-03,0.025544999167323112
2020-03-04,0.025644000619649887
2020-03-05,0.025252999737858772
2020-03-06,0.026695000007748604
2020-03-07,0.026695000007748604
2020-03-08,0.024752000346779823
2020-03-09,0.025491999462246895
2020-03-10,0.02538199909031391
2020-03-11,0.024630999192595482
2020-03-12,0.022600999101996422
2020-03-13,0.023941000923514366
2020-03-14,0.02371099963784218
2020-03-15,0.023220999166369438
2020-03-16,0.022057000547647476
2020-03-17,0.02180499956011772
2020-03-18,0.021922999992966652
2020-03-19,0.02206300012767315
2020-03-20,0.02141300030052662
2020-03-21,0.021474000066518784
2020-03-22,0.02115200087428093
2020-03-23,0.021026000380516052
2020-03-24,0.020603999495506287
2020-03-25,0.020385000854730606
2020-03-26,0.020600000396370888
2020-03-27,0.020702000707387924
2020-03-28,0.020983999595046043
2020-03-29,0.021206000819802284
2020-03-30,0.020670000463724136
2020-03-31,0.02074900083243847
2020-04-01,0.02053000032901764
2020-04-02,0.020905999466776848
2020-04-03,0.02110300026834011
2020-04-04,0.021145999431610107
2020-04-05,0.021136999130249023
2020-04-06,0.023259000852704048
2020-04-07,0.023005999624729156
2020-04-08,0.02353999949991703
2020-04-09,0.023391999304294586
2020-04-10,0.02307399921119213
2020-04-11,0.02306699939072132
2020-04-12,0.02311599999666214
2020-04-13,0.02283100038766861
2020-04-14,0.02303200028836727
2020-04-15,0.02307800017297268
2020-04-16,0.02418999932706356
2020-04-17,0.0241870004683733
2020-04-18,0.02575399912893772
2020-04-19,0.02526099979877472
2020-04-20,0.025035999715328217
2020-04-21,0.025105999782681465
2020-04-22,0.025655999779701233
2020-04-23,0.024903999641537666
2020-04-24,0.02506200037896633
2020-04-25,0.025828000158071518
2020-04-26,0.025692999362945557
2020-04-27,0.02529899962246418
2020-04-28,0.025414999574422836
2020-04-29,0.024653000757098198
2020-04-30,0.023977000266313553
2020-05-01,0.024165000766515732
2020-05-02,0.023955000564455986
2020-05-03,0.02370700053870678
2020-05-04,0.023357000201940536
2020-05-05,0.02296699956059456
2020-05-06,0.022014999762177467
2020-05-07,0.021331999450922012
2020-05-08,0.021640000864863396
2020-05-09,0.02205600030720234
2020-05-10,0.02153800055384636
2020-05-11,0.021612999960780144
2020-05-12,0.021501999348402023
2020-05-13,0.021487999707460403
2020-05-14,0.02085000090301037
2020-05-15,0.02097100019454956
2020-05-16,0.021400999277830124
2020-05-17,0.021421000361442566
2020-05-18,0.02205600030720234
2020-05-19,0.021940000355243683
2020-05-20,0.022061999887228012
2020-05-21,0.022009000182151794
2020-05-22,0.022561000660061836
2020-05-23,0.0226610004901886
2020-05-24,0.02302199974656105
2020-05-25,0.023051999509334564
2020-05-26,0.02285199984908104
2020-05-27,0.022748999297618866
2020-05-28,0.023079000413417816
2020-05-29,0.023378999903798103
2020-05-30,0.024983000010252
2020-05-31,0.02441300079226494
2020-06-01,0.024292999878525734
2020-06-02,0.02489200048148632
2020-06-03,0.025286000221967697
2020-06-04,0.024940000846982002
2020-06-05,0.024956999346613884
2020-06-06,0.025061000138521194
2020-06-07,0.025123000144958496
2020-06-08,0.025206999853253365
2020-06-09,0.025002000853419304
2020-06-10,0.02507000043988228
2020-06-11,0.024855999276041985
2020-06-12,0.025049999356269836
2020-06-13,0.025213999673724174
2020-06-14,0.02494099922478199
2020-06-15,0.02432899922132492
2020-06-16,0.024576999247074127
2020-06-17,0.02457999996840954
2020-06-18,0.024661000818014145
2020-06-19,0.024454999715089798
2020-06-20,0.024568000808358192
2020-06-21,0.024613000452518463
2020-06-22,0.02513599954545498
2020-06-23,0.025352999567985535
2020-06-24,0.025314999744296074
2020-06-25,0.02514299936592579
2020-06-26,0.025064999237656593
2020-06-27,0.02464899979531765
2020-06-28,0.02464500069618225
2020-06-29,0.024827999994158745
2020-06-30,0.024765999987721443
2020-07-01,0.025043999776244164
2020-07-02,0.02514299936592579
2020-07-03,0.02480199933052063
2020-07-04,0.02508299984037876
2020-07-05,0.02508999966084957
2020-07-06,0.025760000571608543
2020-07-07,0.025839999318122864
2020-07-08,0.026163000613451004
2020-07-09,0.026193000376224518
2020-07-10,0.025971999391913414
2020-07-11,0.02591400034725666
2020-07-12,0.02610200084745884
2020-07-13,0.02592100016772747
2020-07-14,0.025987999513745308
2020-07-15,0.025936000049114227
2020-07-16,0.02558399923145771
2020-07-17,0.025436000898480415
2020-07-18,0.025710999965667725
2020-07-19,0.02596299909055233
2020-07-20,0.025769000872969627
2020-07-21,0.026134999468922615
2020-07-22,0.027526000514626503
2020-07-23,0.028669999912381172
2020-07-24,0.029277000576257706
2020-07-25,0.03141999989748001
2020-07-26,0.03126100078225136
2020-07-27,0.029253000393509865
2020-07-28,0.029016999527812004
2020-07-29,0.028665000572800636
2020-07-30,0.03011300042271614
2020-07-31,0.03051700070500374
2020-08-01,0.03275600075721741
2020-08-02,0.03353400155901909
2020-08-03,0.03434799984097481
2020-08-04,0.03479199856519699
2020-08-05,0.03418700024485588
2020-08-06,0.033528998494148254
2020-08-07,0.032712001353502274
2020-08-08,0.03351899981498718
2020-08-09,0.03349899873137474
2020-08-10,0.03332899883389473
2020-08-11,0.03333599865436554
2020-08-12,0.03375300019979477
2020-08-13,0.036382999271154404
2020-08-14,0.03716599941253662
2020-08-15,0.03652200102806091
2020-08-16,0.03647499904036522
2020-08-17,0.035050999373197556
2020-08-18,0.035332001745700836
2020-08-19,0.034568000584840775
2020-08-20,0.03505900129675865
2020-08-21,0.033567000180482864
2020-08-22,0.03388499841094017
2020-08-23,0.03355199843645096
2020-08-24,0.03466299921274185
2020-08-25,0.03378500044345856
2020-08-26,0.033640000969171524
2020-08-27,0.03379099816083908
2020-08-28,0.034297000616788864
2020-08-29,0.03475499898195267
2020-08-30,0.03657900169491768
2020-08-31,0.03724699839949608
2020-09-01,0.03985200077295303
2020-09-02,0.03855299949645996
2020-09-03,0.037643998861312866
2020-09-04,0.03693399950861931
2020-09-05,0.03296700119972229
2020-09-06,0.034373000264167786
2020-09-07,0.03401000052690506
2020-09-08,0.03332199901342392
2020-09-09,0.034279998391866684
2020-09-10,0.03551999852061272
2020-09-11,0.036024998873472214
2020-09-12,0.03707899898290634
2020-09-13,0.03541100025177002
2020-09-14,0.035321999341249466
2020-09-15,0.03379099816083908
2020-09-16,0.03333200141787529
2020-09-17,0.03553000092506409
2020-09-18,0.03511900082230568
2020-09-19,0.03475100174546242
2020-09-20,0.03392200171947479
2020-09-21,0.03266799822449684
2020-09-22,0.03268999978899956
2020-09-23,0.03133999928832054
2020-09-24,0.03246799856424332
2020-09-25,0.032937001436948776
2020-09-26,0.033066000789403915
2020-09-27,0.03317200019955635
2020-09-28,0.03316299989819527
2020-09-29,0.033174000680446625
2020-09-30,0.033376000821590424
2020-10-01,0.03325999900698662
2020-10-02,0.03273800015449524
2020-10-03,0.03284800052642822
2020-10-04,0.033045001327991486
2020-10-05,0.03279399871826172
2020-10-06,0.03213899955153465
2020-10-07,0.03203799948096275
2020-10-08,0.03213400021195412
2020-10-09,0.033041998744010925
2020-10-10,0.032839998602867126
2020-10-11,0.03295300155878067
2020-10-12,0.03355399891734123
2020-10-13,0.033362001180648804
2020-10-14,0.033201999962329865
2020-10-15,0.0328340008854866
2020-10-16,0.03234599903225899
2020-10-17,0.03247499838471413
2020-10-18,0.03293599933385849
2020-10-19,0.032356999814510345
2020-10-20,0.030976999551057816
2020-10-21,0.03058299981057644
2020-10-22,0.031911998987197876
2020-10-23,0.03168699890375137
2020-10-24,0.03146599978208542
2020-10-25,0.03117300011217594
2020-10-26,0.030124999582767487
2020-10-27,0.02958800084888935
2020-10-28,0.029285000637173653
2020-10-29,0.02877900004386902
2020-10-30,0.0282600000500679
2020-10-31,0.02805200032889843
2020-11-01,0.028852999210357666
2020-11-02,0.028276000171899796
2020-11-03,0.02778499945998192
2020-11-04,0.028452999889850616
2020-11-05,0.026576999574899673
2020-11-06,0.02921300008893013
2020-11-07,0.02937299944460392
2020-11-08,0.02930000051856041
2020-11-09,0.028968999162316322
2020-11-10,0.02940800040960312
2020-11-11,0.029485000297427177
2020-11-12,0.028324000537395477
2020-11-13,0.029085999354720116
2020-11-14,0.028636999428272247
2020-11-15,0.028049999848008156
2020-11-16,0.027520999312400818
2020-11-17,0.027223000302910805
2020-11-18,0.026931000873446465
2020-11-19,0.026471000164747238
2020-11-20,0.02737399935722351
2020-11-21,0.029474999755620956
2020-11-22,0.030378999188542366
2020-11-23,0.03313300013542175
2020-11-24,0.03160500153899193
2020-11-25,0.030465999618172646
2020-11-26,0.030249999836087227
2020-11-27,0.030247999355196953
2020-11-28,0.030378999188542366
2020-11-29,0.03167400136590004
2020-11-30,0.031328000128269196
2020-12-01,0.03123600035905838
2020-12-02,0.031161999329924583
2020-12-03,0.03171499818563461
2020-12-04,0.03044700063765049
2020-12-05,0.031146999448537827
2020-12-06,0.03111400082707405
2020-12-07,0.030838999897241592
2020-12-08,0.03028300032019615
2020-12-09,0.03090899996459484
2020-12-10,0.03064199909567833
2020-12-11,0.030223000794649124
2020-12-12,0.030237000435590744
2020-12-13,0.030804000794887543
2020-12-14,0.03044700063765049
2020-12-15,0.030352000147104263
2020-12-16,0.02985299937427044
2020-12-17,0.028189999982714653
2020-12-18,0.028300000354647636
2020-12-19,0.02762099914252758
2020-12-20,0.027187999337911606
2020-12-21,0.026743000373244286
2020-12-22,0.026693999767303467
2020-12-23,0.02511500008404255
2020-12-24,0.025767000392079353
2020-12-25,0.025397000834345818
2020-12-26,0.0240509994328022
2020-12-27,0.025983000174164772
2020-12-28,0.02696700021624565
2020-12-29,0.0267340000718832
2020-12-30,0.026061000302433968
2020-12-31,0.025439999997615814
2021-01-01,0.02486399933695793
2021-01-02,0.024108000099658966
2021-01-03,0.029757000505924225
2021-01-04,0.03253600001335144
2021-01-05,0.03235999867320061
2021-01-06,0.0327799990773201
2021-01-07,0.031130999326705933
2021-01-08,0.030006999149918556
2021-01-09,0.03182400017976761
2021-01-10,0.03290800005197525
2021-01-11,0.030650999397039413
2021-01-12,0.030758999288082123
2021-01-13,0.03030100092291832
2021-01-14,0.031092999503016472
2021-01-15,0.03182100132107735
2021-01-16,0.03409599885344505
2021-01-17,0.03437099978327751
2021-01-18,0.034324001520872116
2021-01-19,0.03818399831652641
2021-01-20,0.038885001093149185
2021-01-21,0.03638400137424469
2021-01-22,0.03746400028467178
2021-01-23,0.0383870005607605
2021-01-24,0.043097998946905136
2021-01-25,0.040918998420238495
2021-01-26,0.041666001081466675
2021-01-27,0.041179001331329346
2021-01-28,0.0398159995675087
2021-01-29,0.04028800129890442
2021-01-30,0.04015599936246872
2021-01-31,0.03971000015735626
2021-02-01,0.040821999311447144
2021-02-02,0.04266899824142456
2021-02-03,0.04432399943470955
2021-02-04,0.04318799823522568
2021-02-05,0.04505699872970581
2021-02-06,0.042729999870061874
2021-02-07,0.041492998600006104
2021-02-08,0.037808001041412354
2021-02-09,0.03803800046443939
2021-02-10,0.03883200138807297
2021-02-11,0.03723299875855446
2021-02-12,0.03880700096487999
2021-02-13,0.03851199895143509
2021-02-14,0.03705200180411339
2021-02-15,0.0371210016310215
2021-02-16,0.03620100021362305
2021-02-17,0.03544599935412407
2021-02-18,0.03748900070786476
2021-02-19,0.03507300093770027
2021-02-20,0.034217000007629395
2021-02-21,0.03363899886608124
2021-02-22,0.03287399932742119
2021-02-23,0.03215999901294708
2021-02-24,0.03272400051355362
2021-02-25,0.031334999948740005
2021-02-26,0.03120500035583973
2021-02-27,0.03160899877548218
2021-02-28,0.03137199953198433
2021-03-01,0.03152700141072273
2021-03-02,0.030851999297738075
2021-03-03,0.03118100017309189
2021-03-04,0.031752001494169235
2021-03-05,0.03133799880743027
2021-03-06,0.033831000328063965
2021-03-07,0.03365100175142288
2021-03-08,0.035117000341415405
2021-03-09,0.03407299891114235
2021-03-10,0.03212299942970276
2021-03-11,0.031592000275850296
2021-03-12,0.03090899996459484
2021-03-13,0.03142699971795082
2021-03-14,0.031272999942302704
2021-03-15,0.032047998160123825
2021-03-16,0.03181000053882599
2021-03-17,0.030974000692367554
2021-03-18,0.030813999474048615
2021-03-19,0.03115200065076351
2021-03-20,0.031083999201655388
2021-03-21,0.0310869999229908
2021-03-22,0.03101699985563755
2021-03-23,0.03066599927842617
2021-03-24,0.03019299916923046
2021-03-25,0.030856000259518623
2021-03-26,0.030883999541401863
2021-03-27,0.03066599927842617
2021-03-28,0.030229000374674797
2021-03-29,0.03150999918580055
2021-03-30,0.031332001090049744
2021-03-31,0.032558999955654144
2021-04-01,0.033459000289440155
2021-04-02,0.036090999841690063
2021-04-03,0.03521300107240677
2021-04-04,0.0356220006942749
2021-04-05,0.035691998898983
2021-04-06,0.036403000354766846
2021-04-07,0.03516700118780136
2021-04-08,0.03581000119447708
2021-04-09,0.035576000809669495
2021-04-10,0.035721998661756516
2021-04-11,0.03583899885416031
2021-04-12,0.035718999803066254
2021-04-13,0.03620599955320358
2021-04-14,0.03858499974012375
2021-04-15,0.03978800028562546
2021-04-16,0.039496999233961105
2021-04-17,0.03864099830389023
2021-04-18,0.03979500010609627
2021-04-19,0.03887299820780754
2021-04-20,0.04126200079917908
2021-04-21,0.04386800155043602
2021-04-22,0.04643400013446808
2021-04-23,0.04625999927520752
2021-04-24,0.0441880002617836
2021-04-25,0.047262001782655716
2021-04-26,0.04691600054502487
2021-04-27,0.04838699847459793
2021-04-28,0.05009400099515915
2021-04-29,0.05147700011730194
2021-04-30,0.04802099987864494
2021-05-01,0.05094200000166893
2021-05-02,0.05212799832224846
2021-05-03,0.0599839985370636
2021-05-04,0.06100500002503395
2021-05-05,0.06134700030088425
2021-05-06,0.06189899891614914
2021-05-07,0.060756001621484756
2021-05-08,0.0663670003414154
2021-05-09,0.06746800243854523
2021-05-10,0.07075399905443192
2021-05-11,0.07351599633693695
2021-05-12,0.07702600210905075
2021-05-13,0.07472699880599976
2021-05-14,0.08177699893712997
2021-05-15,0.07780399918556213
2021-05-16,0.077224001288414
2021-05-17,0.07539200037717819
2021-05-18,0.07877200096845627
2021-05-19,0.06650000065565109
2021-05-20,0.06827100366353989
2021-05-21,0.0651559978723526
2021-05-22,0.06115899980068207
2021-05-23,0.06067100167274475
2021-05-24,0.06829900294542313
2021-05-25,0.07048100233078003
2021-05-26,0.07351499795913696
2021-05-27,0.07119400054216385
2021-05-28,0.0677890032529831
2021-05-29,0.06585100293159485
2021-05-30,0.0669960007071495
2021-05-31,0.07272300124168396
2021-06-01,0.07178699970245361
2021-06-02,0.07201900333166122
2021-06-03,0.07281900197267532
2021-06-04,0.07286199927330017
2021-06-05,0.07399199903011322
2021-06-06,0.07570900022983551
2021-06-07,0.07718099653720856
2021-06-08,0.07520899921655655
2021-06-09,0.06984200328588486
2021-06-10,0.06733900308609009
2021-06-11,0.06304600089788437
2021-06-12,0.0667319968342781
2021-06-13,0.06415700167417526
2021-06-15,0.06502100080251694
2021-06-16,0.06174299865961075
2021-06-17,0.06233299896121025
2021-06-18,0.06236099824309349
2021-06-19,0.061167001724243164
2021-06-20,0.06292600184679031
2021-06-21,0.05961599946022034
2021-06-22,0.05768100172281265
2021-06-23,0.05912400037050247
2021-06-24,0.05736599862575531
2021-06-25,0.057312000542879105
2021-06-26,0.05683299899101257
2021-06-27,0.05711200088262558
2021-06-28,0.060394998639822006
2021-06-29,0.06024299934506416
2021-06-30,0.06491100043058395
2021-07-01,0.06295700371265411
2021-07-02,0.06342899799346924
2021-07-03,0.06421100348234177
2021-07-04,0.06579399853944778
2021-07-05,0.06515099853277206
2021-07-06,0.06790299713611603
2021-07-07,0.06838399916887283
2021-07-08,0.06448300182819366
2021-07-09,0.06351500004529953
2021-07-10,0.06298799812793732
2021-07-11,0.06249000132083893
2021-07-12,0.06142900139093399
2021-07-13,0.05932600051164627
2021-07-14,0.06076100096106529
2021-07-15,0.06013600155711174
2021-07-16,0.0598439984023571
2021-07-17,0.0602170005440712
2021-07-18,0.05961500108242035
2021-07-19,0.05896899849176407
2021-07-20,0.05996900051832199
2021-07-21,0.0620030015707016
2021-07-22,0.06267400085926056
2021-07-23,0.06327199935913086
2021-07-24,0.06384000182151794
2021-07-25,0.06199000030755997
2021-07-26,0.05981599912047386
2021-07-27,0.05832299962639809
2021-07-28,0.057420000433921814
2021-07-29,0.05951099842786789
2021-07-30,0.058410000056028366
2021-07-31,0.06092799827456474
2021-08-01,0.06408700346946716
2021-08-02,0.06658200174570084
2021-08-03,0.06558699905872345
2021-08-04,0.06854800134897232
2021-08-05,0.0691789984703064
2021-08-06,0.06751900166273117
2021-08-07,0.07085999846458435
2021-08-08,0.06881000101566315
2021-08-09,0.0683239996433258
2021-08-10,0.06891900300979614
2021-08-11,0.06940100342035294
2021-08-12,0.06850200146436691
2021-08-13,0.06951200217008591
2021-08-14,0.06933499872684479
2021-08-15,0.07036600261926651
2021-08-16,0.06861300021409988
2021-08-17,0.06745299696922302
2021-08-18,0.06741099804639816
2021-08-19,0.06812600046396255
2021-08-20,0.06661900132894516
2021-08-21,0.06596600264310837
2021-08-22,0.06573399901390076
2021-08-23,0.06699299812316895
2021-08-24,0.06650000065565109
2021-08-25,0.06586699932813644
2021-08-26,0.06604599952697754
2021-08-27,0.06666699796915054
2021-08-28,0.0663440003991127
2021-08-29,0.06608700007200241
2021-08-30,0.06852400302886963
2021-08-31,0.07280000299215317
2021-09-01,0.07850699871778488
2021-09-02,0.07685299962759018
2021-09-03,0.07877200096845627
2021-09-04,0.07784300297498703
2021-09-05,0.07636500149965286
2021-09-06,0.07463599741458893
2021-09-07,0.07319600135087967
2021-09-08,0.07587800174951553
2021-09-09,0.07387900352478027
2021-09-10,0.07155100256204605
2021-09-11,0.07234899699687958
2021-09-12,0.0740320011973381
2021-09-13,0.07307100296020508
2021-09-14,0.07281800359487534
2021-09-15,0.07504300028085709
2021-09-16,0.0747390016913414
2021-09-17,0.07190000265836716
2021-09-18,0.07108800113201141
2021-09-19,0.07044900208711624
2021-09-20,0.06906499713659286
2021-09-21,0.06793300062417984
2021-09-22,0.07063499838113785
2021-09-23,0.07028699666261673
2021-09-24,0.0684330016374588
2021-09-25,0.06848800182342529
2021-09-26,0.070872001349926
2021-09-27,0.06947100162506104
2021-09-28,0.06841299682855606
2021-09-29,0.06864400207996368
2021-09-30,0.06854599714279175
2021-10-01,0.06873899698257446
2021-10-02,0.07108800113201141
2021-10-03,0.07091999799013138
2021-10-04,0.06882300227880478
2021-10-05,0.0683009997010231
2021-10-06,0.06467600166797638
2021-10-07,0.06668400019407272
2021-10-08,0.06603500247001648
2021-10-09,0.06505099684000015
2021-10-10,0.06254799664020538
2021-10-11,0.06167500093579292
2021-10-12,0.06232199817895889
2021-10-13,0.06282500177621841
2021-10-14,0.0660490021109581
2021-10-15,0.06271100044250488
2021-10-16,0.0629040002822876
2021-10-17,0.0625
2021-10-18,0.06043799966573715
2021-10-19,0.0603410005569458
2021-10-20,0.06297600269317627
2021-10-21,0.0651710033416748
2021-10-22,0.06541500240564346
2021-10-23,0.06794899702072144
2021-10-24,0.06709100306034088
2021-10-25,0.06690800189971924
2021-10-26,0.06843700259923935
2021-10-27,0.06720399856567383
2021-10-28,0.07072199881076813
2021-10-29,0.07094500213861465
2021-10-30,0.06989400088787079
2021-10-31,0.06993100047111511
2021-11-01,0.07089000195264816
2021-11-02,0.07251399755477905
2021-11-03,0.07316499948501587
2021-11-04,0.07383500039577484
2021-11-05,0.07339400053024292
2021-11-06,0.0734890028834343
2021-11-07,0.07296299934387207
2021-11-08,0.07122000306844711
2021-11-09,0.07070200145244598
2021-11-10,0.07133100181818008
2021-11-11,0.07283099740743637
2021-11-12,0.07274600118398666
2021-11-13,0.07214999943971634
2021-11-14,0.07066699862480164
2021-11-15,0.07170599699020386
2021-11-16,0.07008399814367294
2021-11-17,0.07102400064468384
2021-11-18,0.0702579990029335
2021-11-19,0.07395599782466888
2021-11-20,0.07387199997901917
2021-11-21,0.07270000129938126
2021-11-22,0.07263299822807312
2021-11-23,0.07540100067853928
2021-11-24,0.07411699742078781
2021-11-25,0.07254199683666229
2021-11-26,0.07524599879980087
2021-11-27,0.07474099844694138
2021-11-28,0.07501400262117386
2021-11-29,0.07689599692821503
2021-11-30,0.08124600350856781
2021-12-01,0.08015000075101852
2021-12-02,0.07987699657678604
2021-12-03,0.07874699681997299
2021-12-04,0.08372999727725983
2021-12-05,0.08504000306129456
2021-12-06,0.08617100119590759
2021-12-07,0.08511000126600266
2021-12-08,0.08789999783039093
2021-12-09,0.08641999959945679
2021-12-10,0.08273100107908249
2021-12-11,0.08274400234222412
2021-12-12,0.08252699673175812
2021-12-13,0.08096799999475479
2021-12-14,0.07741100341081619
2021-12-15,0.08218099921941757
2021-12-16,0.08313100039958954
2021-12-17,0.08396799862384796
2021-12-18,0.08454599976539612
2021-12-19,0.08398299664258957
2021-12-20,0.08391299843788147
2021-12-21,0.08215200155973434
2021-12-22,0.08188799768686295
2021-12-23,0.08089099824428558
2021-12-24,0.07964999973773956
2021-12-25,0.08116800338029861
2021-12-26,0.0800509974360466
2021-12-27,0.07972999662160873
2021-12-28,0.07986900210380554
2021-12-29,0.07812599837779999
2021-12-30,0.07872000336647034
2021-12-31,0.07952699810266495
2022-01-01,0.07905100286006927
2022-01-02,0.08088599890470505
2022-01-03,0.08096300065517426
2022-01-04,0.08266399800777435
2022-01-05,0.08148899674415588
2022-01-06,0.07920099794864655
2022-01-07,0.07683800160884857
2022-01-08,0.07408799976110458
2022-01-09,0.07534299790859222
2022-01-10,0.07372099906206131
2022-01-11,0.07576999813318253
2022-01-12,0.07673099637031555
2022-01-13,0.07626599818468094
2022-01-14,0.07679899781942368
2022-01-15,0.07713600248098373
2022-01-16,0.07772299647331238
2022-01-17,0.07603000104427338
2022-01-18,0.07466600090265274
2022-01-19,0.07416199892759323
2022-01-20,0.07377299666404724
2022-01-21,0.07016199827194214
2022-01-22,0.06865999847650528
2022-01-23,0.06988000124692917
2022-01-24,0.0665770024061203
2022-01-25,0.06645900011062622
2022-01-26,0.06697099655866623
2022-01-27,0.06524299830198288
2022-01-28,0.06741099804639816
2022-01-29,0.06809700280427933
2022-01-30,0.06866099685430527
2022-01-31,0.06985600292682648
2022-02-01,0.07206699997186661
2022-02-02,0.07260199636220932
2022-02-03,0.07210899889469147
2022-02-04,0.07189200073480606
2022-02-05,0.07274500280618668
2022-02-06,0.07208900153636932
2022-02-07,0.07168000191450119
2022-02-08,0.0707779973745346
2022-02-09,0.07306099683046341
2022-02-10,0.07064100354909897
2022-02-11,0.06902900338172913
2022-02-12,0.06905899941921234
2022-02-13,0.06833299994468689
2022-02-14,0.06888200342655182
2022-02-15,0.07133699953556061
2022-02-16,0.07114899903535843
2022-02-17,0.0710809975862503
2022-02-18,0.06958899646997452
2022-02-19,0.06888200342655182
2022-02-20,0.06839799880981445
2022-02-21,0.06942100077867508
2022-02-22,0.06893599778413773
2022-02-23,0.06945300102233887
2022-02-24,0.06777700036764145
2022-02-25,0.07049799710512161
2022-02-26,0.07111900299787521
2022-02-27,0.06952600181102753
2022-02-28,0.06758499890565872
2022-03-01,0.06701599806547165
2022-03-02,0.06716399639844894
2022-03-03,0.06676899641752243
2022-03-04,0.06687100231647491
2022-03-05,0.06763400137424469
2022-03-06,0.06650300323963165
2022-03-07,0.06562399864196777
2022-03-08,0.06651899963617325
2022-03-09,0.06502100080251694
2022-03-10,0.06613100320100784
2022-03-11,0.06597699970006943
2022-03-12,0.06618200242519379
2022-03-13,0.06655099987983704
2022-03-14,0.06531199812889099
2022-03-15,0.06660500168800354
2022-03-16,0.06737499684095383
2022-03-17,0.0687360018491745
2022-03-18,0.07046099752187729
2022-03-19,0.06983199715614319
2022-03-20,0.06934799998998642
2022-03-21,0.07054799795150757
2022-03-22,0.07018899917602539
2022-03-23,0.07066600024700165
2022-03-24,0.070701003074646
2022-03-25,0.07005099952220917
2022-03-26,0.07063200324773788
2022-03-27,0.07030200213193893
2022-03-28,0.07079900056123734
2022-03-29,0.07167299836874008
2022-03-30,0.07192900031805038
2022-03-31,0.07206299901008606
2022-04-01,0.07453399896621704
2022-04-02,0.07510700076818466
2022-04-03,0.07583600282669067
2022-04-04,0.07552599906921387
2022-04-05,0.07489199936389923
2022-04-06,0.07340700179338455
2022-04-07,0.07432200014591217
2022-04-08,0.075484998524189
2022-04-09,0.07624500244855881
2022-04-10,0.07609699666500092
2022-04-11,0.07542800158262253
2022-04-12,0.07551900297403336
2022-04-13,0.0757490023970604
2022-04-14,0.07562000304460526
2022-04-15,0.07498499751091003
2022-04-16,0.07575400173664093
2022-04-17,0.0753680020570755
2022-04-18,0.07489299774169922
2022-04-19,0.0747930034995079
2022-04-20,0.07438799738883972
2022-04-21,0.07371500134468079
2022-04-22,0.07460500299930573
2022-04-23,0.07440800219774246
2022-04-24,0.07405100017786026
2022-04-25,0.07438299804925919
2022-04-26,0.0736749991774559
2022-04-27,0.07361999899148941
2022-04-28,0.07384099811315536
2022-04-29,0.07292400300502777
2022-04-30,0.07238999754190445
2022-05-01,0.07350700348615646
2022-05-02,0.07416199892759323
2022-05-03,0.07373400032520294
2022-05-04,0.07407499849796295
2022-05-05,0.0751660019159317
2022-05-06,0.07477600127458572
2022-05-07,0.07425200194120407
2022-05-08,0.07391399890184402
2022-05-09,0.07411400228738785
2022-05-10,0.07554099708795547
2022-05-11,0.0716089978814125
2022-05-12,0.06753399968147278
2022-05-13,0.06879100203514099
2022-05-14,0.06831199675798416
2022-05-15,0.0685420036315918
2022-05-16,0.0677340030670166
2022-05-17,0.0687049999833107
2022-05-18,0.06673499941825867
2022-05-19,0.06657999753952026
2022-05-20,0.0671669989824295
2022-05-21,0.06708700209856033
2022-05-22,0.06737899780273438
2022-05-23,0.06777500361204147
2022-05-24,0.0667319968342781
2022-05-25,0.06578700244426727
2022-05-26,0.061636000871658325
2022-05-27,0.06025400012731552
2022-05-28,0.06057000160217285
2022-05-29,0.06153799965977669
2022-05-30,0.0629270002245903
2022-05-31,0.061094000935554504
2022-06-01,0.061195001006126404
2022-06-02,0.06019999831914902
2022-06-03,0.05975800007581711
2022-06-04,0.06038999930024147
2022-06-05,0.06036100164055824
2022-06-06,0.05926800146698952
2022-06-07,0.058226000517606735
2022-06-08,0.05936200171709061
2022-06-09,0.059438999742269516
2022-06-10,0.0572500005364418
2022-06-11,0.05393600091338158
2022-06-12,0.05400099977850914
2022-06-13,0.05356699973344803
2022-06-14,0.0545630007982254
2022-06-15,0.054632000625133514
2022-06-16,0.05238699913024902
2022-06-17,0.053075000643730164
2022-06-18,0.05224800109863281
2022-06-19,0.054864998906850815
2022-06-20,0.05474099889397621
2022-06-21,0.054311998188495636
2022-06-22,0.052604999393224716
2022-06-23,0.054225001484155655
2022-06-24,0.05778399854898453
2022-06-25,0.05782800167798996
2022-06-26,0.057061001658439636
2022-06-27,0.05756700038909912
2022-06-28,0.05643700063228607
2022-06-29,0.054662998765707016
2022-06-30,0.05394599959254265
2022-07-01,0.0549979992210865
2022-07-02,0.05542600154876709
2022-07-03,0.05564400181174278
2022-07-04,0.056894998997449875
2022-07-05,0.05619300156831741
2022-07-06,0.05776499956846237
2022-07-07,0.0571959987282753
2022-07-08,0.0562559999525547
2022-07-09,0.05636199936270714
2022-07-10,0.05601000040769577
2022-07-11,0.05494299903512001
2022-07-12,0.05372599884867668
2022-07-13,0.05509499832987785
2022-07-14,0.0579259991645813
2022-07-15,0.059181999415159225
2022-07-16,0.06383199989795685
2022-07-17,0.06442099809646606
2022-07-18,0.07021000236272812
2022-07-19,0.06596899777650833
2022-07-20,0.0654359981417656
2022-07-21,0.06806699931621552
2022-07-22,0.06768199801445007
2022-07-23,0.06896299868822098
2022-07-24,0.07074499875307083
2022-07-25,0.06766200065612793
2022-07-26,0.0678820013999939
2022-07-27,0.07135599851608276
2022-07-28,0.07236500084400177
2022-07-29,0.07256600260734558
2022-07-30,0.07169199734926224
2022-07-31,0.07205399870872498
2022-08-01,0.07013700157403946
2022-08-02,0.07106500118970871
2022-08-03,0.07085900008678436
2022-08-04,0.07106199860572815
2022-08-05,0.07438000291585922
2022-08-06,0.07367400079965591
2022-08-07,0.07332400232553482
2022-08-08,0.07457199692726135
2022-08-09,0.07351899892091751
2022-08-10,0.0773250013589859
2022-08-11,0.07852300256490707
2022-08-12,0.080205999314785
2022-08-13,0.0811220034956932
2022-08-14,0.07964000105857849
2022-08-15,0.07889299839735031
2022-08-16,0.0786380022764206
2022-08-17,0.07854799926280975
2022-08-18,0.07956899702548981
2022-08-19,0.07725899666547775
2022-08-20,0.0745059996843338
2022-08-21,0.07519800215959549
2022-08-22,0.07582200318574905
2022-08-23,0.07723700255155563
2022-08-24,0.07745099812746048
2022-08-25,0.07853599637746811
2022-08-26,0.07442200183868408
2022-08-27,0.07441399991512299
2022-08-28,0.07292500138282776
2022-08-29,0.07651200145483017
2022-08-30,0.07697399705648422
2022-08-31,0.07749100029468536
2022-09-01,0.0788080021739006
2022-09-02,0.07897999882698059
2022-09-03,0.07850299775600433
2022-09-04,0.07893499732017517
2022-09-05,0.08162499964237213
2022-09-06,0.08290600031614304
2022-09-07,0.0844929963350296
2022-09-08,0.0846019983291626
2022-09-09,0.08040200173854828
2022-09-10,0.08192600309848785
2022-09-11,0.08093100041151047
2022-09-12,0.07660800218582153
2022-09-13,0.0783189982175827
2022-09-14,0.08076400309801102
2022-09-15,0.07470099627971649
2022-09-16,0.07244600355625153
2022-09-17,0.07302100211381912
2022-09-18,0.06876199692487717
2022-09-19,0.07048399746417999
2022-09-20,0.07010799646377563
2022-09-21,0.06753499805927277
2022-09-22,0.06838899850845337
2022-09-23,0.06882999837398529
2022-09-24,0.06959900259971619
2022-09-25,0.06883399933576584
2022-09-26,0.0694660022854805
2022-09-28 03:13:50+00:00,0.06960900,0.00000000,0.00145131,
2022-09-28 03:17:55+00:00,0.06966800,0.00000000,0.00145131,
2022-09-28 03:23:06+00:00,0.06976400,0.00000000,0.00145131,
2022-09-28 03:24:53+00:00,0.06971200,0.00149850,0.00134670,
2022-09-28 03:29:12+00:00,0.06971900,0.00149850,0.00134670,
2022-09-28 03:32:58+00:00,0.06987400,0.00149850,0.00134670,
2022-09-28 03:34:55+00:00,0.06973100,0.00149850,0.00134670,
2022-09-28 03:37:30+00:00,0.06978300,0.00149850,0.00134670,
2022-09-28 03:39:08+00:00,0.06978800,0.00149850,0.00134670,
2022-09-28 03:40:56+00:00,0.06981200,0.00149850,0.00134670,
2022-09-28 03:42:35+00:00,0.06983200,0.00149850,0.00134670,
2022-09-28 03:46:33+00:00,0.06975500,0.00149850,0.00134670,
2022-09-28 03:49:15+00:00,0.06959300,0.00149850,0.00134670,
2022-09-28 03:50:49+00:00,0.06958900,0.00149850,0.00134670,
2022-09-28 03:53:11+00:00,0.06961600,0.00149850,0.00134670,
2022-09-28 04:00:04+00:00,0.06965300,0.00299700,0.00124225,
2022-09-28 04:01:35+00:00,0.06972800,0.00459540,0.00113072,
2022-09-28 04:04:55+00:00,0.06956500,0.00459540,0.00113072,
2022-09-28 04:05:38+00:00,0.06958500,0.00619380,0.00101939,
2022-09-28 04:06:32+00:00,0.06956600,0.00619380,0.00091230,
2022-09-28 04:07:25+00:00,0.06957400,0.00619380,0.00080198,
2022-09-28 04:08:17+00:00,0.06954900,0.00779220,0.00069070,
2022-09-28 04:09:07+00:00,0.06952600,0.00779220,0.00058257,
2022-09-28 04:10:04+00:00,0.06953600,0.00939060,0.00047132,
2022-09-28 04:11:01+00:00,0.06949400,0.00939060,0.00036490,
2022-09-28 04:11:56+00:00,0.06947500,0.00939060,0.00025590,
2022-09-28 04:12:51+00:00,0.06944800,0.01098900,0.00014479,
2022-09-28 04:13:47+00:00,0.06944300,0.01098900,0.00003600,
2022-09-28 04:14:42+00:00,0.06946800,0.01098900,0.00003600,
2022-09-28 04:15:34+00:00,0.06953000,0.01098900,0.00003600,
2022-09-28 04:16:22+00:00,0.06955000,0.01098900,0.00003600,
2022-09-28 04:17:15+00:00,0.06954100,0.01098900,0.00003600,
2022-09-28 04:18:12+00:00,0.06957200,0.01098900,0.00003600,
2022-09-28 04:19:07+00:00,0.06958000,0.01098900,0.00003600,
2022-09-28 04:20:02+00:00,0.06957500,0.01098900,0.00003600,
2022-09-28 04:20:54+00:00,0.06960300,0.01098900,0.00003600,
2022-09-28 04:21:51+00:00,0.06955300,0.01098900,0.00003600,
2022-09-28 04:22:44+00:00,0.06950400,0.01098900,0.00003600,
2022-09-28 04:23:39+00:00,0.06949900,0.01098900,0.00003600,
2022-09-28 04:24:34+00:00,0.06953100,0.01098900,0.00003600,
2022-09-28 04:25:29+00:00,0.06954400,0.01098900,0.00003600,
2022-09-28 04:26:27+00:00,0.06952000,0.01098900,0.00003600,
2022-09-28 04:27:20+00:00,0.06956400,0.01098900,0.00003600,
2022-09-28 04:28:17+00:00,0.06956800,0.01098900,0.00003600,
2022-09-28 04:29:46+00:00,0.06955900,0.01098900,0.00003600,
2022-09-28 04:30:39+00:00,0.06955400,0.01098900,0.00003600,
2022-09-28 04:31:37+00:00,0.06955200,0.01098900,0.00003600,
2022-09-28 04:32:32+00:00,0.06956200,0.01098900,0.00003600,
2022-09-28 04:33:29+00:00,0.06962000,0.01098900,0.00003600,
2022-09-28 04:34:23+00:00,0.06967600,0.01098900,0.00003600,
2022-09-28 04:35:19+00:00,0.06970400,0.01098900,0.00003600,
2022-09-28 04:36:12+00:00,0.06974300,0.01098900,0.00003600,
2022-09-28 04:37:10+00:00,0.06973900,0.01098900,0.00003600,
2022-09-28 04:38:07+00:00,0.06973600,0.01098900,0.00003600,
2022-09-28 04:39:02+00:00,0.06972600,0.01098900,0.00003600,
2022-09-28 04:39:57+00:00,0.06973600,0.01098900,0.00003600,
2022-09-28 04:41:00+00:00,0.06972600,0.01098900,0.00003600,
2022-09-28 04:42:27+00:00,0.06972100,0.01098900,0.00068575,
2022-09-28 04:43:41+00:00,0.06968300,0.01258740,0.00057420,
2022-09-28 04:47:43+00:00,0.06964600,0.01258740,0.00057420,
2022-09-28 04:48:30+00:00,0.06966100,0.01258740,0.00162652,
2022-09-28 04:51:04+00:00,0.06964500,0.01258740,0.00162652,
2022-09-28 04:51:49+00:00,0.06962200,0.01258740,0.00151602,
2022-09-28 04:52:35+00:00,0.06961900,0.01098740,0.00151602,
2022-09-28 04:53:58+00:00,0.06964800,0.01098740,0.00140872,
2022-09-28 04:56:41+00:00,0.06962300,0.00938740,0.00140872,
2022-09-28 04:59:30+00:00,0.06959900,0.00938740,0.00129798,
2022-09-28 05:02:26+00:00,0.06975800,0.00778740,0.00140935,
2022-09-28 05:05:18+00:00,0.06968100,0.00618740,0.00140935,
2022-09-28 05:08:27+00:00,0.06965200,0.00618740,0.00130458,
2022-09-28 05:11:34+00:00,0.06968100,0.00458740,0.00130458,
2022-09-28 05:14:50+00:00,0.06961700,0.00458740,0.00119455,
2022-09-28 05:18:04+00:00,0.06966400,0.00298740,0.00119455,
2022-09-28 05:21:12+00:00,0.06963700,0.00298740,0.00108529,
2022-09-28 05:24:24+00:00,0.06968500,0.00298740,0.00097565,
2022-09-28 05:28:10+00:00,0.06965200,0.00138740,0.00097565,
2022-09-28 05:31:14+00:00,0.06968100,0.00138740,0.00097565,
2022-09-28 05:34:27+00:00,0.06967600,0.00138740,0.00097565,
2022-09-28 05:37:39+00:00,0.06971500,0.00138740,0.00086750,
2022-09-28 05:40:53+00:00,0.06973900,0.00138740,0.00086750,
2022-09-28 05:44:02+00:00,0.06965500,0.00138740,0.00086750,
2022-09-28 05:47:16+00:00,0.06964900,0.00138740,0.00086750,
2022-09-28 05:50:26+00:00,0.06965400,0.00138740,0.00086750,
2022-09-28 05:53:39+00:00,0.06972200,0.00138740,0.00086750,
2022-09-28 05:56:54+00:00,0.06976600,0.00138740,0.00086750,
2022-09-28 06:00:05+00:00,0.06984500,0.00138740,0.00075719,
2022-09-28 06:03:25+00:00,0.06982700,0.00138740,0.00064576,
2022-09-28 06:06:41+00:00,0.06976100,0.00138740,0.00064576,
2022-09-28 06:09:55+00:00,0.06979400,0.00138740,0.00064576,
2022-09-28 06:13:09+00:00,0.06978500,0.00138740,0.00064576,
2022-09-28 06:16:26+00:00,0.06981400,0.00138740,0.00064576,
2022-09-28 06:19:49+00:00,0.06969900,0.00138740,0.00053428,
2022-09-28 06:23:09+00:00,0.06952600,0.00458420,0.00042319,
2022-09-28 06:26:06+00:00,0.06947000,0.00298420,0.00042319,
2022-09-28 06:29:03+00:00,0.06951200,0.00138420,0.00042319,
2022-09-28 06:32:17+00:00,0.06928700,0.00298260,0.00031422,
2022-09-28 06:35:12+00:00,0.06938700,0.00138260,0.00031422,
2022-09-28 06:38:04+00:00,0.06927600,0.00138260,0.00020384,
2022-09-28 06:40:56+00:00,0.06921000,0.00298100,0.00020384,
2022-09-28 06:43:53+00:00,0.06899200,0.00617620,0.00020384,
2022-09-28 06:46:44+00:00,0.06906400,0.00617620,0.00009467,
2022-09-28 06:49:45+00:00,0.06900800,0.00457620,0.00009467,
2022-09-28 06:52:39+00:00,0.06900600,0.00457620,0.00009467,
2022-09-28 06:55:34+00:00,0.06893400,0.00457620,0.00009467,
2022-09-28 06:58:32+00:00,0.06897400,0.00297620,0.00009467,
2022-09-28 07:01:21+00:00,0.06892200,0.00137620,0.00009467,
2022-09-28 07:04:11+00:00,0.06903900,0.00137620,0.00009467,
2022-09-28 07:07:03+00:00,0.06857700,0.00457300,0.00009467,
2022-09-28 07:10:00+00:00,0.06871100,0.00457300,0.00009467,
2022-09-28 07:12:59+00:00,0.06849500,0.00297300,0.00009467,
2022-09-28 07:16:03+00:00,0.06838000,0.00137300,0.00009467,
2022-09-28 07:19:05+00:00,0.06865500,0.00137300,0.00009467,
2022-09-28 07:22:03+00:00,0.06856500,0.00137300,0.00020446,
2022-09-28 07:25:07+00:00,0.06883300,0.00137300,0.00020483,
2022-09-28 07:28:05+00:00,0.06871900,0.00297140,0.00009492,
2022-09-28 07:31:04+00:00,0.06861800,0.00137140,0.00009492,
2022-09-28 07:34:01+00:00,0.06855900,0.00296980,0.00009492,
2022-09-28 07:37:03+00:00,0.06853300,0.00296980,0.00009492,
2022-09-28 07:40:03+00:00,0.06855400,0.00296980,0.00009492,
2022-09-28 07:43:00+00:00,0.06870900,0.00136980,0.00009492,
2022-09-28 07:45:54+00:00,0.06855300,0.00136980,0.00009492,
2022-09-28 07:48:49+00:00,0.06861500,0.00136980,0.00009492,
2022-09-28 07:51:48+00:00,0.06845600,0.00136980,0.00009492,
2022-09-28 07:54:45+00:00,0.06851100,0.00136980,0.00009492,
2022-09-28 07:57:44+00:00,0.06857200,0.00136980,0.00009492,
2022-09-28 08:00:39+00:00,0.06851200,0.00136980,0.00009492,
2022-09-28 08:03:33+00:00,0.06862400,0.00136980,0.00009492,
2022-09-28 08:06:29+00:00,0.06873100,0.00136980,0.00009492,
2022-09-28 08:09:26+00:00,0.06877200,0.00136980,0.00009492,
2022-09-28 08:12:19+00:00,0.06869600,0.00136980,0.00009492,
2022-09-28 08:15:18+00:00,0.06863200,0.00136980,0.00009492,
2022-09-28 08:18:10+00:00,0.06866200,0.00136980,0.00009492,
2022-09-28 08:21:07+00:00,0.06868000,0.00136980,0.00009492,
2022-09-28 08:24:07+00:00,0.06864300,0.00136980,0.00009492,
2022-09-28 08:27:10+00:00,0.06858200,0.00136980,0.00009492,
2022-09-28 08:30:12+00:00,0.06852900,0.00136980,0.00009492,
2022-09-28 08:33:14+00:00,0.06856600,0.00136980,0.00009492,
2022-09-28 08:36:14+00:00,0.06857700,0.00136980,0.00009492,
2022-09-28 08:39:19+00:00,0.06855100,0.00136980,0.00009492,
2022-09-28 08:42:41+00:00,0.06852800,0.00136980,0.00009492,
2022-09-28 08:45:50+00:00,0.06854100,0.00136980,0.00009492,
2022-09-28 08:48:54+00:00,0.06857600,0.00136980,0.00009492,
2022-09-28 08:51:53+00:00,0.06860100,0.00136980,0.00009492,
2022-09-28 08:54:59+00:00,0.06863300,0.00136980,0.00009492,
2022-09-28 08:58:01+00:00,0.06868400,0.00136980,0.00009492,
2022-09-28 09:00:56+00:00,0.06861500,0.00136980,0.00009492,
2022-09-28 09:03:55+00:00,0.06859200,0.00136980,0.00009492,
2022-09-28 09:06:54+00:00,0.06856500,0.00136980,0.00009492,
2022-09-28 09:09:51+00:00,0.06848100,0.00136980,0.00009492,
2022-09-28 09:12:48+00:00,0.06849000,0.00136980,0.00009492,
2022-09-28 09:15:44+00:00,0.06852800,0.00136980,0.00009492,
2022-09-28 09:18:41+00:00,0.06846300,0.00136980,0.00009492,
2022-09-28 09:22:03+00:00,0.06846100,0.00136980,0.00009492,
2022-09-28 09:26:00+00:00,0.06838900,0.00136980,0.00009492,
2022-09-28 09:29:20+00:00,0.06839600,0.00136980,0.00009492,
2022-09-28 09:32:52+00:00,0.06848900,0.00136980,0.00009492,
2022-09-28 09:36:22+00:00,0.06845500,0.00136980,0.00009492,
2022-09-28 09:39:38+00:00,0.06842200,0.00136980,0.00009492,
2022-09-28 09:42:32+00:00,0.06842000,0.00136980,0.00009492,
2022-09-28 09:45:26+00:00,0.06839000,0.00136980,0.00009492,
2022-09-28 09:48:24+00:00,0.06834500,0.00136980,0.00009492,
2022-09-28 09:51:19+00:00,0.06837800,0.00136980,0.00009492,
2022-09-28 09:54:12+00:00,0.06840700,0.00136980,0.00009492,
2022-09-28 09:57:02+00:00,0.06839000,0.00136980,0.00009492,
2022-09-28 09:59:56+00:00,0.06841500,0.00136980,0.00009492,
2022-09-28 10:03:00+00:00,0.06844000,0.00136980,0.00009492,
2022-09-28 10:05:53+00:00,0.06841000,0.00136980,0.00009492,
2022-09-28 10:08:50+00:00,0.06844300,0.00136980,0.00009492,
2022-09-28 10:11:44+00:00,0.06850200,0.00136980,0.00009492,
2022-09-28 10:14:44+00:00,0.06846800,0.00136980,0.00009492,
2022-09-28 10:17:49+00:00,0.06846300,0.00136980,0.00009492,
2022-09-28 10:20:42+00:00,0.06852200,0.00136980,0.00009492,
2022-09-28 10:23:36+00:00,0.06851800,0.00136980,0.00009492,
2022-09-28 10:26:27+00:00,0.06846400,0.00136980,0.00009492,
2022-09-28 10:29:23+00:00,0.06844100,0.00136980,0.00009492,
2022-09-28 10:32:26+00:00,0.06842400,0.00136980,0.00009492,
2022-09-28 10:35:31+00:00,0.06840900,0.00136980,0.00009492,
2022-09-28 10:38:34+00:00,0.06843600,0.00136980,0.00009492,
2022-09-28 10:41:33+00:00,0.06844200,0.00136980,0.00009492,
2022-09-28 10:44:38+00:00,0.06842000,0.00136980,0.00009492,
2022-09-28 10:47:39+00:00,0.06835600,0.00136980,0.00009492,
2022-09-28 10:50:43+00:00,0.06835200,0.00136980,0.00009492,
2022-09-28 10:53:46+00:00,0.06831600,0.00136980,0.00009492,
2022-09-28 10:56:52+00:00,0.06829600,0.00296820,0.00009492,
2022-09-28 11:00:00+00:00,0.06833500,0.00296820,0.00009492,
2022-09-28 11:03:05+00:00,0.06843600,0.00296820,0.00009492,
2022-09-28 11:06:10+00:00,0.06838300,0.00296820,0.00009492,
2022-09-28 11:09:14+00:00,0.06842200,0.00296820,0.00009492,
2022-09-28 11:12:14+00:00,0.06835200,0.00136820,0.00009492,
2022-09-28 11:15:20+00:00,0.06835600,0.00136820,0.00009492,
2022-09-28 11:18:23+00:00,0.06834700,0.00136820,0.00009492,
2022-09-28 11:21:29+00:00,0.06832200,0.00136820,0.00009492,
2022-09-28 12:15:49+00:00,0.06805200,0.00456500,0.00009492,
2022-09-28 12:20:32+00:00,0.06818900,0.00296500,0.00009492,
2022-09-28 12:25:06+00:00,0.06817700,0.00296500,0.00009492,
2022-09-28 12:29:15+00:00,0.06832300,0.00136500,0.00009492,
2022-09-28 12:34:09+00:00,0.06838500,0.00136500,0.00009492,
2022-09-28 12:38:06+00:00,0.06832600,0.03016500,0.00052282,
2022-09-28 12:43:22+00:00,0.06841400,0.03016500,0.00041362,
2022-09-28 13:13:15+00:00,0.06839500,0.02856500,0.00041362,
2022-09-28 13:17:42+00:00,0.06834700,0.02696500,0.00041362,
2022-09-28 13:22:09+00:00,0.06840400,0.01506500,0.00144450,
2022-09-28 13:27:42+00:00,0.06838300,0.01506500,0.00133637,
2022-09-28 13:32:58+00:00,0.06828400,0.01346500,0.00133637,
2022-09-28 13:37:11+00:00,0.06825700,0.01186500,0.00100133,
2022-09-29 13:11:15+00:00,0.06822900,0.00000000,0.00212595,
2022-09-29 13:13:13+00:00,0.06823000,0.00000000,0.00212595,
2022-09-29 13:14:15+00:00,0.06825600,0.00000000,0.00212595,
2022-09-29 13:16:16+00:00,0.06824600,0.00000000,0.00201709,
2022-09-29 13:18:20+00:00,0.06824400,0.00779220,0.00111325,
2022-09-29 13:20:19+00:00,0.06825400,0.00779220,0.00111325,
2022-09-29 13:22:24+00:00,0.06822200,0.00779220,0.00111325,
2022-09-29 13:24:24+00:00,0.06822000,0.00779220,0.00111325,
2022-09-29 13:27:14+00:00,0.06821200,0.00779220,0.00100393,
2022-09-29 13:29:13+00:00,0.06820100,0.00619220,0.00089417,
2022-09-29 14:00:29+00:00,0.06819700,0.00619220,0.00111418,
2022-09-29 15:00:16+00:00,0.06862900,0.00459220,0.00100426,
