Datetime,price_LTCBTC,balance_ETH,balance_btc,
2022-08-31 19:00:00+00:00,0.0027086324989795685
2022-08-31 20:00:00+00:00,0.002708416897803545
2022-08-31 21:00:00+00:00,0.002707382896915078
2022-08-31 22:00:00+00:00,0.0026971891056746244
2022-08-31 23:00:00+00:00,0.0026855606120079756
2022-09-01 00:00:00+00:00,0.002678608288988471
2022-09-01 01:00:00+00:00,0.0026904100086539984
2022-09-01 02:00:00+00:00,0.002748336410149932
2022-09-01 03:00:00+00:00,0.002722925040870905
2022-09-01 04:00:00+00:00,0.0027318818029016256
2022-09-01 05:00:00+00:00,0.002733128145337105
2022-09-01 06:00:00+00:00,0.0027326708659529686
2022-09-01 07:00:00+00:00,0.002743713790550828
2022-09-01 08:00:00+00:00,0.0027802144177258015
2022-09-01 09:00:00+00:00,0.0027940478175878525
2022-09-01 10:00:00+00:00,0.002790435217320919
2022-09-01 11:00:00+00:00,0.00281013292260468
2022-09-01 12:00:00+00:00,0.0028015710413455963
2022-09-01 13:00:00+00:00,0.0027888710610568523
2022-09-01 14:00:00+00:00,0.0027714523021131754
2022-09-01 15:00:00+00:00,0.002777356654405594
2022-09-01 16:00:00+00:00,0.002811784390360117
2022-09-01 17:00:00+00:00,0.002827304881066084
2022-09-01 18:00:00+00:00,0.0028676942456513643
2022-09-01 19:00:00+00:00,0.002866672584787011
2022-09-01 20:00:00+00:00,0.0028579095378518105
2022-09-01 21:00:00+00:00,0.002844837959855795
2022-09-01 22:00:00+00:00,0.0028415187261998653
2022-09-01 23:00:00+00:00,0.0028588583227247
2022-09-02 00:00:00+00:00,0.002845093607902527
2022-09-02 01:00:00+00:00,0.0028397240675985813
2022-09-02 02:00:00+00:00,0.0028376374393701553
2022-09-02 03:00:00+00:00,0.0028622555546462536
2022-09-02 04:00:00+00:00,0.002837945008650422
2022-09-02 05:00:00+00:00,0.002836227882653475
2022-09-02 06:00:00+00:00,0.0028606033883988857
2022-09-02 07:00:00+00:00,0.0028478275053203106
2022-09-02 08:00:00+00:00,0.00286197941750288
2022-09-02 09:00:00+00:00,0.0028606769628822803
2022-09-02 10:00:00+00:00,0.0028601058293133974
2022-09-02 11:00:00+00:00,0.0028608576394617558
2022-09-02 12:00:00+00:00,0.002904981840401888
2022-09-02 13:00:00+00:00,0.0029223612509667873
2022-09-02 14:00:00+00:00,0.0029613773804157972
2022-09-02 15:00:00+00:00,0.003022720804437995
2022-09-02 16:00:00+00:00,0.0030403106939047575
2022-09-02 17:00:00+00:00,0.0030529284849762917
2022-09-02 18:00:00+00:00,0.003064270131289959
2022-09-02 19:00:00+00:00,0.0030641802586615086
2022-09-02 20:00:00+00:00,0.0030795386992394924
2022-09-02 21:00:00+00:00,0.0030865122098475695
2022-09-02 22:00:00+00:00,0.0030705584213137627
2022-09-02 23:00:00+00:00,0.003050041850656271
2022-09-03 00:00:00+00:00,0.003040779149159789
2022-09-03 01:00:00+00:00,0.0030436755623668432
2022-09-03 02:00:00+00:00,0.0030728711280971766
2022-09-03 03:00:00+00:00,0.003081065136939287
2022-09-03 04:00:00+00:00,0.003099089255556464
2022-09-03 05:00:00+00:00,0.0030795030761510134
2022-09-03 06:00:00+00:00,0.00306309899315238
2022-09-03 07:00:00+00:00,0.0030342983081936836
2022-09-03 08:00:00+00:00,0.003039379371330142
2022-09-03 09:00:00+00:00,0.0030371379107236862
2022-09-03 10:00:00+00:00,0.003041071817278862
2022-09-03 11:00:00+00:00,0.0030415647197514772
2022-09-03 12:00:00+00:00,0.003054667031392455
2022-09-03 13:00:00+00:00,0.003067080629989505
2022-09-03 14:00:00+00:00,0.0030549829825758934
2022-09-03 15:00:00+00:00,0.0030591769609600306
2022-09-03 16:00:00+00:00,0.0030759358778595924
2022-09-03 17:00:00+00:00,0.0030830097384750843
2022-09-03 18:00:00+00:00,0.0030767780262976885
2022-09-03 19:00:00+00:00,0.003080295631662011
2022-09-03 20:00:00+00:00,0.003093864768743515
2022-09-03 21:00:00+00:00,0.0030902239959686995
2022-09-03 22:00:00+00:00,0.0030475049279630184
2022-09-03 23:00:00+00:00,0.00303010200150311
2022-09-04 00:00:00+00:00,0.003002571640536189
2022-09-04 01:00:00+00:00,0.003022664925083518
2022-09-04 02:00:00+00:00,0.0030373423360288143
2022-09-04 03:00:00+00:00,0.003024748060852289
2022-09-04 04:00:00+00:00,0.0030255569145083427
2022-09-04 05:00:00+00:00,0.003015885828062892
2022-09-04 06:00:00+00:00,0.0030121144372969866
2022-09-04 07:00:00+00:00,0.003018871648237109
2022-09-04 08:00:00+00:00,0.003029409795999527
2022-09-04 09:00:00+00:00,0.0030439060647040606
2022-09-04 10:00:00+00:00,0.0030348647851496935
2022-09-04 11:00:00+00:00,0.0030354575719684362
2022-09-04 12:00:00+00:00,0.00302742887288332
2022-09-04 13:00:00+00:00,0.003009371692314744
2022-09-04 14:00:00+00:00,0.0029813703149557114
2022-09-04 15:00:00+00:00,0.0029862045776098967
2022-09-04 16:00:00+00:00,0.002979069948196411
2022-09-04 17:00:00+00:00,0.0029953629709780216
2022-09-04 18:00:00+00:00,0.0029957969672977924
2022-09-04 19:00:00+00:00,0.002995933871716261
2022-09-04 20:00:00+00:00,0.003018720308318734
2022-09-04 21:00:00+00:00,0.0030084725003689528
2022-09-04 22:00:00+00:00,0.003014535643160343
2022-09-04 23:00:00+00:00,0.0030457410030066967
2022-09-05 00:00:00+00:00,0.003042093012481928
2022-09-05 01:00:00+00:00,0.0030643977224826813
2022-09-05 02:00:00+00:00,0.003034495282918215
2022-09-05 03:00:00+00:00,0.003048123326152563
2022-09-05 04:00:00+00:00,0.003042011521756649
2022-09-05 05:00:00+00:00,0.0030204032082110643
2022-09-05 06:00:00+00:00,0.0030336484778672457
2022-09-05 07:00:00+00:00,0.003017367096617818
2022-09-05 08:00:00+00:00,0.0030279653146862984
2022-09-05 09:00:00+00:00,0.0030357693322002888
2022-09-05 10:00:00+00:00,0.003025195561349392
2022-09-05 11:00:00+00:00,0.0030304016545414925
2022-09-05 12:00:00+00:00,0.0030451160855591297
2022-09-05 13:00:00+00:00,0.0030445661395788193
2022-09-05 14:00:00+00:00,0.0030518958810716867
2022-09-05 15:00:00+00:00,0.0030373483896255493
2022-09-05 16:00:00+00:00,0.0030453831423074007
2022-09-05 17:00:00+00:00,0.0030425055883824825
2022-09-05 18:00:00+00:00,0.0030361099634319544
2022-09-05 19:00:00+00:00,0.0030413304921239614
2022-09-05 20:00:00+00:00,0.0030471645295619965
2022-09-05 21:00:00+00:00,0.0030489531345665455
2022-09-05 22:00:00+00:00,0.003054322674870491
2022-09-05 23:00:00+00:00,0.0030554712284356356
2022-09-06 00:00:00+00:00,0.0030695500317960978
2022-09-06 01:00:00+00:00,0.0031010869424790144
2022-09-06 02:00:00+00:00,0.0030461614951491356
2022-09-06 03:00:00+00:00,0.0030432636849582195
2022-09-06 04:00:00+00:00,0.0030458071269094944
2022-09-06 05:00:00+00:00,0.0030439444817602634
2022-09-06 06:00:00+00:00,0.0030320335645228624
2022-09-06 07:00:00+00:00,0.003018313320353627
2022-09-06 08:00:00+00:00,0.0030009679030627012
2022-09-06 09:00:00+00:00,0.0029996696393936872
2022-09-06 10:00:00+00:00,0.0030017683748155832
2022-09-06 11:00:00+00:00,0.00300272973254323
2022-09-06 12:00:00+00:00,0.0030103481840342283
2022-09-06 13:00:00+00:00,0.0030006766319274902
2022-09-06 14:00:00+00:00,0.002980017801746726
2022-09-06 15:00:00+00:00,0.002984182443469763
2022-09-06 16:00:00+00:00,0.002974849194288254
2022-09-06 17:00:00+00:00,0.0029366144444793463
2022-09-06 18:00:00+00:00,0.0029125050641596317
2022-09-06 19:00:00+00:00,0.0029261535964906216
2022-09-06 20:00:00+00:00,0.0029064668342471123
2022-09-06 21:00:00+00:00,0.0029019201174378395
2022-09-06 22:00:00+00:00,0.0029024507384747267
2022-09-06 23:00:00+00:00,0.0028843595646321774
2022-09-07 00:00:00+00:00,0.002869782969355583
2022-09-07 01:00:00+00:00,0.002871675183996558
2022-09-07 02:00:00+00:00,0.002860449953004718
2022-09-07 03:00:00+00:00,0.0028564250096678734
2022-09-07 04:00:00+00:00,0.0028698958922177553
2022-09-07 05:00:00+00:00,0.002872331300750375
2022-09-07 06:00:00+00:00,0.002867934061214328
2022-09-07 07:00:00+00:00,0.002879339735955
2022-09-07 08:00:00+00:00,0.002892235526815057
2022-09-07 09:00:00+00:00,0.0028975417371839285
2022-09-07 10:00:00+00:00,0.0028942772187292576
2022-09-07 11:00:00+00:00,0.0028889134991914034
2022-09-07 12:00:00+00:00,0.0029217624105513096
2022-09-07 13:00:00+00:00,0.0029400885105133057
2022-09-07 14:00:00+00:00,0.0029316090513020754
2022-09-07 15:00:00+00:00,0.0029223200399428606
2022-09-07 16:00:00+00:00,0.00291966600343585
2022-09-07 17:00:00+00:00,0.0029324095230549574
2022-09-07 18:00:00+00:00,0.002921994775533676
2022-09-07 19:00:00+00:00,0.002943136729300022
2022-09-07 20:00:00+00:00,0.00294423196464777
2022-09-07 21:00:00+00:00,0.0029560585971921682
2022-09-07 22:00:00+00:00,0.002987315645441413
2022-09-07 23:00:00+00:00,0.002977333962917328
2022-09-08 00:00:00+00:00,0.002953168237581849
2022-09-08 01:00:00+00:00,0.002957763150334358
2022-09-08 02:00:00+00:00,0.002963507082313299
2022-09-08 03:00:00+00:00,0.002959160367026925
2022-09-08 04:00:00+00:00,0.0029427497647702694
2022-09-08 05:00:00+00:00,0.002961082849651575
2022-09-08 06:00:00+00:00,0.0029645715840160847
2022-09-08 07:00:00+00:00,0.002955860458314419
2022-09-08 08:00:00+00:00,0.002969651482999325
2022-09-08 09:00:00+00:00,0.002968258922919631
2022-09-08 10:00:00+00:00,0.002968552988022566
2022-09-08 11:00:00+00:00,0.002969616325572133
2022-09-08 12:00:00+00:00,0.0029654684476554394
2022-09-08 13:00:00+00:00,0.0029787207022309303
2022-09-08 14:00:00+00:00,0.002977347234264016
2022-09-08 15:00:00+00:00,0.0029681925661861897
2022-09-08 16:00:00+00:00,0.002971058478578925
2022-09-08 17:00:00+00:00,0.002984539372846484
2022-09-08 18:00:00+00:00,0.0029885726980865
2022-09-08 19:00:00+00:00,0.003008172381669283
2022-09-08 20:00:00+00:00,0.0030055437237024307
2022-09-08 21:00:00+00:00,0.003003313671797514
2022-09-08 22:00:00+00:00,0.0030126431956887245
2022-09-08 23:00:00+00:00,0.0030005902517586946
2022-09-09 00:00:00+00:00,0.0029990440234541893
2022-09-09 01:00:00+00:00,0.0030080482829362154
2022-09-09 02:00:00+00:00,0.0030084059108048677
2022-09-09 03:00:00+00:00,0.002993917791172862
2022-09-09 04:00:00+00:00,0.0029595191590487957
2022-09-09 05:00:00+00:00,0.00295371375977993
2022-09-09 06:00:00+00:00,0.0029254474211484194
2022-09-09 07:00:00+00:00,0.0029308730736374855
2022-09-09 08:00:00+00:00,0.0029326907824724913
2022-09-09 09:00:00+00:00,0.0029521300457417965
2022-09-09 10:00:00+00:00,0.0029087441507726908
2022-09-09 11:00:00+00:00,0.0029095825739204884
2022-09-09 12:00:00+00:00,0.002913282485678792
2022-09-09 13:00:00+00:00,0.0028984174132347107
2022-09-09 14:00:00+00:00,0.002894260222092271
2022-09-09 15:00:00+00:00,0.002867296105250716
2022-09-09 16:00:00+00:00,0.002857277635484934
2022-09-09 17:00:00+00:00,0.002873095916584134
2022-09-09 18:00:00+00:00,0.0028683720156550407
2022-09-09 19:00:00+00:00,0.002864448120817542
2022-09-09 20:00:00+00:00,0.0028647349681705236
2022-09-09 21:00:00+00:00,0.00285541033372283
2022-09-09 22:00:00+00:00,0.0028557407204061747
2022-09-09 23:00:00+00:00,0.0028612634632736444
2022-09-10 00:00:00+00:00,0.002874956699088216
2022-09-10 01:00:00+00:00,0.002877965336665511
2022-09-10 02:00:00+00:00,0.0029000125359743834
2022-09-10 03:00:00+00:00,0.0028869120869785547
2022-09-10 04:00:00+00:00,0.002865750575438142
2022-09-10 05:00:00+00:00,0.0028641577810049057
2022-09-10 06:00:00+00:00,0.0028857807628810406
2022-09-10 07:00:00+00:00,0.002868644893169403
2022-09-10 08:00:00+00:00,0.0028682686388492584
2022-09-10 09:00:00+00:00,0.0028728593606501818
2022-09-10 10:00:00+00:00,0.002881455235183239
2022-09-10 11:00:00+00:00,0.0029158247634768486
2022-09-10 12:00:00+00:00,0.0029787246603518724
2022-09-10 13:00:00+00:00,0.002961802762001753
2022-09-10 14:00:00+00:00,0.0030065341852605343
2022-09-10 15:00:00+00:00,0.003016926348209381
2022-09-10 16:00:00+00:00,0.003011921187862754
2022-09-10 17:00:00+00:00,0.002995497779920697
2022-09-10 18:00:00+00:00,0.0029676896519958973
2022-09-10 19:00:00+00:00,0.002939096186310053
2022-09-10 20:00:00+00:00,0.00296625099144876
2022-09-10 21:00:00+00:00,0.002954663708806038
2022-09-10 22:00:00+00:00,0.0029326179064810276
2022-09-10 23:00:00+00:00,0.0029243675526231527
2022-09-11 00:00:00+00:00,0.0029565179720520973
2022-09-11 01:00:00+00:00,0.00294181564822793
2022-09-11 02:00:00+00:00,0.0029800175689160824
2022-09-11 03:00:00+00:00,0.0029598595574498177
2022-09-11 04:00:00+00:00,0.0029364910442382097
2022-09-11 05:00:00+00:00,0.0029415152966976166
2022-09-11 06:00:00+00:00,0.002926435088738799
2022-09-11 07:00:00+00:00,0.0029199609998613596
2022-09-11 08:00:00+00:00,0.0029131455812603235
2022-09-11 09:00:00+00:00,0.002911653369665146
2022-09-11 10:00:00+00:00,0.0029111644253134727
2022-09-11 11:00:00+00:00,0.0029094605706632137
2022-09-11 12:00:00+00:00,0.0029027170967310667
2022-09-11 13:00:00+00:00,0.002902130363509059
2022-09-11 14:00:00+00:00,0.0029032123275101185
2022-09-11 15:00:00+00:00,0.002898460254073143
2022-09-11 16:00:00+00:00,0.0029013592284172773
2022-09-11 17:00:00+00:00,0.0029005222022533417
2022-09-11 18:00:00+00:00,0.0029029278084635735
2022-09-11 19:00:00+00:00,0.0029061518143862486
2022-09-11 20:00:00+00:00,0.0028997024055570364
2022-09-11 21:00:00+00:00,0.0028727471362799406
2022-09-11 22:00:00+00:00,0.0028755073435604572
2022-09-11 23:00:00+00:00,0.0028600965160876513
2022-09-12 00:00:00+00:00,0.0028456714935600758
2022-09-12 01:00:00+00:00,0.002845021663233638
2022-09-12 02:00:00+00:00,0.002838616957888007
2022-09-12 03:00:00+00:00,0.0028114335145801306
2022-09-12 04:00:00+00:00,0.002811521291732788
2022-09-12 05:00:00+00:00,0.00281211594119668
2022-09-12 06:00:00+00:00,0.0028135296888649464
2022-09-12 07:00:00+00:00,0.002793926512822509
2022-09-12 08:00:00+00:00,0.0028101957868784666
2022-09-12 09:00:00+00:00,0.0028020807076245546
2022-09-12 10:00:00+00:00,0.0027984525077044964
2022-09-12 11:00:00+00:00,0.0027783489786088467
2022-09-12 12:00:00+00:00,0.0027687163092195988
2022-09-12 13:00:00+00:00,0.002769485814496875
2022-09-12 14:00:00+00:00,0.0027576193679124117
2022-09-12 15:00:00+00:00,0.0027557748835533857
2022-09-12 16:00:00+00:00,0.0027495240792632103
2022-09-12 17:00:00+00:00,0.002749910345301032
2022-09-12 18:00:00+00:00,0.0027335293125361204
2022-09-12 19:00:00+00:00,0.0027374348137527704
2022-09-12 20:00:00+00:00,0.0027425463777035475
2022-09-12 21:00:00+00:00,0.0027414741925895214
2022-09-12 22:00:00+00:00,0.0027386287692934275
2022-09-12 23:00:00+00:00,0.0027444169390946627
2022-09-13 00:00:00+00:00,0.0027337970677763224
2022-09-13 01:00:00+00:00,0.002732532098889351
2022-09-13 02:00:00+00:00,0.002758987946435809
2022-09-13 03:00:00+00:00,0.0027782320976257324
2022-09-13 04:00:00+00:00,0.0027551851235330105
2022-09-13 05:00:00+00:00,0.0027521129231899977
2022-09-13 06:00:00+00:00,0.0027563353069126606
2022-09-13 07:00:00+00:00,0.0028197765350341797
2022-09-13 08:00:00+00:00,0.002804682357236743
2022-09-13 09:00:00+00:00,0.0027945926412940025
2022-09-13 10:00:00+00:00,0.0028202359098941088
2022-09-13 11:00:00+00:00,0.002950754016637802
2022-09-13 12:00:00+00:00,0.0029708531219512224
2022-09-13 13:00:00+00:00,0.0029897955246269703
2022-09-13 14:00:00+00:00,0.002966241678223014
2022-09-13 15:00:00+00:00,0.0029629904311150312
2022-09-13 16:00:00+00:00,0.0029945571441203356
2022-09-13 17:00:00+00:00,0.002990548964589834
2022-09-13 18:00:00+00:00,0.0029753949493169785
2022-09-13 19:00:00+00:00,0.002952916081994772
2022-09-13 20:00:00+00:00,0.002935966243967414
2022-09-13 21:00:00+00:00,0.0029362826608121395
2022-09-13 22:00:00+00:00,0.0029216608963906765
2022-09-13 23:00:00+00:00,0.0029252173844724894
2022-09-14 00:00:00+00:00,0.0029331936966627836
2022-09-14 01:00:00+00:00,0.0029116966761648655
2022-09-14 02:00:00+00:00,0.002924693515524268
2022-09-14 03:00:00+00:00,0.002948186593130231
2022-09-14 04:00:00+00:00,0.0029430133290588856
2022-09-14 05:00:00+00:00,0.0029449821449816227
2022-09-14 06:00:00+00:00,0.0029204373713582754
2022-09-14 07:00:00+00:00,0.002906804671511054
2022-09-14 08:00:00+00:00,0.002918095560744405
2022-09-14 09:00:00+00:00,0.002925641369074583
2022-09-14 10:00:00+00:00,0.002922110492363572
2022-09-14 11:00:00+00:00,0.0029262604657560587
2022-09-14 12:00:00+00:00,0.0029430624563246965
2022-09-14 13:00:00+00:00,0.0029648991767317057
2022-09-14 14:00:00+00:00,0.0029809968546032906
2022-09-14 15:00:00+00:00,0.002990312408655882
2022-09-14 16:00:00+00:00,0.0029888448771089315
2022-09-14 17:00:00+00:00,0.002995436079800129
2022-09-14 18:00:00+00:00,0.002988596446812153
2022-09-14 19:00:00+00:00,0.0029926246497780085
2022-09-14 20:00:00+00:00,0.0029875037726014853
2022-09-14 21:00:00+00:00,0.0029661706648766994
2022-09-14 22:00:00+00:00,0.0029646402690559626
2022-09-14 23:00:00+00:00,0.0029710044618695974
2022-09-15 00:00:00+00:00,0.0029608712065964937
2022-09-15 01:00:00+00:00,0.0029550998006016016
2022-09-15 02:00:00+00:00,0.0029465146362781525
2022-09-15 03:00:00+00:00,0.0029474254697561264
2022-09-15 04:00:00+00:00,0.0029539919923990965
2022-09-15 05:00:00+00:00,0.0029588027391582727
2022-09-15 06:00:00+00:00,0.002965153194963932
2022-09-15 07:00:00+00:00,0.002983330748975277
2022-09-15 08:00:00+00:00,0.0029717024881392717
2022-09-15 09:00:00+00:00,0.0029899952933192253
2022-09-15 10:00:00+00:00,0.002966222120448947
2022-09-15 11:00:00+00:00,0.002963335020467639
2022-09-15 12:00:00+00:00,0.002972509479150176
2022-09-15 13:00:00+00:00,0.002972054062411189
2022-09-15 14:00:00+00:00,0.0029697553254663944
2022-09-15 15:00:00+00:00,0.0029244795441627502
2022-09-15 16:00:00+00:00,0.0028805448673665524
2022-09-15 17:00:00+00:00,0.0028875169809907675
2022-09-15 18:00:00+00:00,0.002880851272493601
2022-09-15 19:00:00+00:00,0.00287572480738163
2022-09-15 20:00:00+00:00,0.002879302017390728
2022-09-15 21:00:00+00:00,0.0028680083341896534
2022-09-15 22:00:00+00:00,0.0028561733197420835
2022-09-15 23:00:00+00:00,0.002859395695850253
2022-09-16 00:00:00+00:00,0.0028644553385674953
2022-09-16 01:00:00+00:00,0.002853509970009327
2022-09-16 02:00:00+00:00,0.002832372672855854
2022-09-16 03:00:00+00:00,0.0028333363588899374
2022-09-16 04:00:00+00:00,0.0028308399487286806
2022-09-16 05:00:00+00:00,0.0028324041049927473
2022-09-16 06:00:00+00:00,0.0028211246244609356
2022-09-16 07:00:00+00:00,0.002809579251334071
2022-09-16 08:00:00+00:00,0.002802773844450712
2022-09-16 09:00:00+00:00,0.0028123287484049797
2022-09-16 10:00:00+00:00,0.0028242997359484434
2022-09-16 11:00:00+00:00,0.0028238343074917793
2022-09-16 12:00:00+00:00,0.0028258718084543943
2022-09-16 13:00:00+00:00,0.002824046416208148
2022-09-16 14:00:00+00:00,0.0028411357197910547
2022-09-16 15:00:00+00:00,0.002836033469066024
2022-09-16 16:00:00+00:00,0.002832964062690735
2022-09-16 17:00:00+00:00,0.002831833204254508
2022-09-16 18:00:00+00:00,0.002825550502166152
2022-09-16 19:00:00+00:00,0.0028342066798359156
2022-09-16 20:00:00+00:00,0.0028327128384262323
2022-09-16 21:00:00+00:00,0.0028205830603837967
2022-09-16 22:00:00+00:00,0.0028203485999256372
2022-09-16 23:00:00+00:00,0.0028219970408827066
2022-09-17 00:00:00+00:00,0.0028166433330625296
2022-09-17 01:00:00+00:00,0.00282143778167665
2022-09-17 02:00:00+00:00,0.002824551658704877
2022-09-17 03:00:00+00:00,0.0028301149141043425
2022-09-17 04:00:00+00:00,0.0028264974243938923
2022-09-17 05:00:00+00:00,0.0028349608182907104
2022-09-17 06:00:00+00:00,0.0028279221151024103
2022-09-17 07:00:00+00:00,0.002830169163644314
2022-09-17 08:00:00+00:00,0.0028376183472573757
2022-09-17 09:00:00+00:00,0.0028441380709409714
2022-09-17 10:00:00+00:00,0.0028394819237291813
2022-09-17 11:00:00+00:00,0.002864489099010825
2022-09-17 12:00:00+00:00,0.0028758111875504255
2022-09-17 13:00:00+00:00,0.002873792080208659
2022-09-17 14:00:00+00:00,0.002891907002776861
2022-09-17 15:00:00+00:00,0.0028855970595031977
2022-09-17 16:00:00+00:00,0.0028770300559699535
2022-09-17 17:00:00+00:00,0.002893122611567378
2022-09-17 18:00:00+00:00,0.002903006039559841
2022-09-17 19:00:00+00:00,0.0029039240907877684
2022-09-17 20:00:00+00:00,0.002900075865909457
2022-09-17 21:00:00+00:00,0.002890141448006034
2022-09-17 22:00:00+00:00,0.002862620400264859
2022-09-17 23:00:00+00:00,0.0028714388608932495
2022-09-18 00:00:00+00:00,0.0028570948634296656
2022-09-18 01:00:00+00:00,0.0028563120868057013
2022-09-18 02:00:00+00:00,0.0028632236644625664
2022-09-18 03:00:00+00:00,0.0028618783690035343
2022-09-18 04:00:00+00:00,0.0028628825675696135
2022-09-18 05:00:00+00:00,0.0028631300665438175
2022-09-18 06:00:00+00:00,0.002839013235643506
2022-09-18 07:00:00+00:00,0.002850073855370283
2022-09-18 08:00:00+00:00,0.002851975616067648
2022-09-18 09:00:00+00:00,0.0028466721996665
2022-09-18 10:00:00+00:00,0.0028389934450387955
2022-09-18 11:00:00+00:00,0.0028385790064930916
2022-09-18 12:00:00+00:00,0.0028467969968914986
2022-09-18 13:00:00+00:00,0.0028514638543128967
2022-09-18 14:00:00+00:00,0.0028452861588448286
2022-09-18 15:00:00+00:00,0.0028496519662439823
2022-09-18 16:00:00+00:00,0.0028400144074112177
2022-09-18 17:00:00+00:00,0.002843627706170082
2022-09-18 18:00:00+00:00,0.0028496342711150646
2022-09-18 19:00:00+00:00,0.0028648546431213617
2022-09-18 20:00:00+00:00,0.0028497425373643637
2022-09-18 21:00:00+00:00,0.0027650888077914715
2022-09-18 22:00:00+00:00,0.0027475792448967695
2022-09-18 23:00:00+00:00,0.002723558573052287
2022-09-19 00:00:00+00:00,0.002754115965217352
2022-09-19 01:00:00+00:00,0.002740020863711834
2022-09-19 02:00:00+00:00,0.0027835755608975887
2022-09-19 03:00:00+00:00,0.002724106889218092
2022-09-19 04:00:00+00:00,0.002731917891651392
2022-09-19 05:00:00+00:00,0.0027273313608020544
2022-09-19 06:00:00+00:00,0.0027467284817248583
2022-09-19 07:00:00+00:00,0.002747708698734641
2022-09-19 08:00:00+00:00,0.0027385542634874582
2022-09-19 09:00:00+00:00,0.002750685904175043
2022-09-19 10:00:00+00:00,0.002752085914835334
2022-09-19 11:00:00+00:00,0.0027383919805288315
2022-09-19 12:00:00+00:00,0.0027320152148604393
2022-09-19 13:00:00+00:00,0.0027291225269436836
2022-09-19 14:00:00+00:00,0.0027173811104148626
2022-09-19 15:00:00+00:00,0.002726337406784296
2022-09-19 16:00:00+00:00,0.0027146791107952595
2022-09-19 17:00:00+00:00,0.0027297423221170902
2022-09-19 18:00:00+00:00,0.002709846943616867
2022-09-19 19:00:00+00:00,0.002694483147934079
2022-09-19 20:00:00+00:00,0.0026810362469404936
2022-09-19 21:00:00+00:00,0.002683474449440837
2022-09-19 22:00:00+00:00,0.0026818127371370792
2022-09-19 23:00:00+00:00,0.002703654346987605
2022-09-20 00:00:00+00:00,0.0026882709935307503
2022-09-20 01:00:00+00:00,0.0026938384398818016
2022-09-20 02:00:00+00:00,0.002695694798603654
2022-09-20 03:00:00+00:00,0.0026887301355600357
2022-09-20 04:00:00+00:00,0.0026911860331892967
2022-09-20 05:00:00+00:00,0.0026864861138164997
2022-09-20 06:00:00+00:00,0.002688770182430744
2022-09-20 07:00:00+00:00,0.002687104744836688
2022-09-20 08:00:00+00:00,0.0026892838068306446
2022-09-20 09:00:00+00:00,0.002690053079277277
2022-09-20 10:00:00+00:00,0.0026891115121543407
2022-09-20 11:00:00+00:00,0.002692162524908781
2022-09-20 12:00:00+00:00,0.002696400973945856
2022-09-20 13:00:00+00:00,0.0027123044710606337
2022-09-20 14:00:00+00:00,0.002715606475248933
2022-09-20 15:00:00+00:00,0.0027213641442358494
2022-09-20 16:00:00+00:00,0.002766698133200407
2022-09-20 17:00:00+00:00,0.0027578934095799923
2022-09-20 18:00:00+00:00,0.0027415945660322905
2022-09-20 19:00:00+00:00,0.0027464469894766808
2022-09-20 20:00:00+00:00,0.002757585607469082
2022-09-20 21:00:00+00:00,0.0027694643940776587
2022-09-20 22:00:00+00:00,0.0027679712511599064
2022-09-20 23:00:00+00:00,0.0027701540384441614
2022-09-21 00:00:00+00:00,0.002779140369966626
2022-09-21 01:00:00+00:00,0.0027692136354744434
2022-09-21 02:00:00+00:00,0.0027686681132763624
2022-09-21 03:00:00+00:00,0.002757198642939329
2022-09-21 04:00:00+00:00,0.0027525569312274456
2022-09-21 05:00:00+00:00,0.0027563218027353287
2022-09-21 06:00:00+00:00,0.0027239604387432337
2022-09-21 07:00:00+00:00,0.002729663858190179
2022-09-21 08:00:00+00:00,0.0027360848616808653
2022-09-21 09:00:00+00:00,0.002749972976744175
2022-09-21 10:00:00+00:00,0.0027400648687034845
2022-09-21 11:00:00+00:00,0.00276552839204669
2022-09-21 12:00:00+00:00,0.0028118141926825047
2022-09-21 13:00:00+00:00,0.002787733916193247
2022-09-21 14:00:00+00:00,0.0027728418353945017
2022-09-21 15:00:00+00:00,0.0027747813146561384
2022-09-21 16:00:00+00:00,0.002765246666967869
2022-09-21 17:00:00+00:00,0.0027717279735952616
2022-09-21 18:00:00+00:00,0.0028068339452147484
2022-09-21 19:00:00+00:00,0.0028029142413288355
2022-09-21 20:00:00+00:00,0.002788571175187826
2022-09-21 21:00:00+00:00,0.0027754558250308037
2022-09-21 22:00:00+00:00,0.0027506654150784016
2022-09-21 23:00:00+00:00,0.0027604138012975454
2022-09-22 00:00:00+00:00,0.0027585772331804037
2022-09-22 01:00:00+00:00,0.0027734125033020973
2022-09-22 02:00:00+00:00,0.0027825625147670507
2022-09-22 03:00:00+00:00,0.002764498582109809
2022-09-22 04:00:00+00:00,0.0027735589537769556
2022-09-22 05:00:00+00:00,0.00278305821120739
2022-09-22 06:00:00+00:00,0.0027875066734850407
2022-09-22 07:00:00+00:00,0.002783945994451642
2022-09-22 08:00:00+00:00,0.002772828098386526
2022-09-22 09:00:00+00:00,0.0027819995302706957
2022-09-22 10:00:00+00:00,0.0027739836368709803
2022-09-22 11:00:00+00:00,0.002773408778011799
2022-09-22 12:00:00+00:00,0.0027866968885064125
2022-09-22 13:00:00+00:00,0.0027794435154646635
2022-09-22 14:00:00+00:00,0.002777049085125327
2022-09-22 15:00:00+00:00,0.002778873313218355
2022-09-22 16:00:00+00:00,0.002777021611109376
2022-09-22 17:00:00+00:00,0.002778742928057909
2022-09-22 18:00:00+00:00,0.0027733067981898785
2022-09-22 19:00:00+00:00,0.0027716797776520252
2022-09-22 20:00:00+00:00,0.0027674429584294558
2022-09-22 21:00:00+00:00,0.0027593534905463457
2022-09-22 22:00:00+00:00,0.0027508961502462626
2022-09-22 23:00:00+00:00,0.002756302012130618
2022-09-23 00:00:00+00:00,0.002755184657871723
2022-09-23 01:00:00+00:00,0.002756621455773711
2022-09-23 02:00:00+00:00,0.0027616394218057394
2022-09-23 03:00:00+00:00,0.002794749801978469
2022-09-23 04:00:00+00:00,0.002797200810164213
2022-09-23 05:00:00+00:00,0.002805901225656271
2022-09-23 06:00:00+00:00,0.002806119853630662
2022-09-23 07:00:00+00:00,0.0027880731504410505
2022-09-23 08:00:00+00:00,0.002759733935818076
2022-09-23 09:00:00+00:00,0.0027694148011505604
2022-09-23 10:00:00+00:00,0.0027641335036605597
2022-09-23 11:00:00+00:00,0.0027818665839731693
2022-09-23 12:00:00+00:00,0.0027901893481612206
2022-09-23 13:00:00+00:00,0.0027905625756829977
2022-09-23 14:00:00+00:00,0.0027980224695056677
2022-09-23 15:00:00+00:00,0.002796360058709979
2022-09-23 16:00:00+00:00,0.0027945239562541246
2022-09-23 17:00:00+00:00,0.002877674764022231
2022-09-23 18:00:00+00:00,0.0028473723214119673
2022-09-23 19:00:00+00:00,0.0028429694939404726
2022-09-23 20:00:00+00:00,0.0028681419789791107
2022-09-23 21:00:00+00:00,0.0028561062645167112
2022-09-23 22:00:00+00:00,0.002843290101736784
2022-09-23 23:00:00+00:00,0.002850069897249341
2022-09-24 00:00:00+00:00,0.002869518706575036
2022-09-24 01:00:00+00:00,0.002873525954782963
2022-09-24 02:00:00+00:00,0.002883186796680093
2022-09-24 03:00:00+00:00,0.002870256081223488
2022-09-24 04:00:00+00:00,0.0028651554603129625
2022-09-24 05:00:00+00:00,0.0028781481087207794
2022-09-24 06:00:00+00:00,0.0028832952957600355
2022-09-24 07:00:00+00:00,0.002922185929492116
2022-09-24 08:00:00+00:00,0.002899928716942668
2022-09-24 09:00:00+00:00,0.0028884680941700935
2022-09-24 10:00:00+00:00,0.0028873158153146505
2022-09-24 11:00:00+00:00,0.0028800880536437035
2022-09-24 12:00:00+00:00,0.002877200022339821
2022-09-24 13:00:00+00:00,0.0028728009201586246
2022-09-24 14:00:00+00:00,0.002874726662412286
2022-09-24 15:00:00+00:00,0.0028776340186595917
2022-09-24 16:00:00+00:00,0.002881559543311596
2022-09-24 17:00:00+00:00,0.002882795175537467
2022-09-24 18:00:00+00:00,0.002884931629523635
2022-09-24 19:00:00+00:00,0.0028871227987110615
2022-09-24 20:00:00+00:00,0.002883264096453786
2022-09-24 21:00:00+00:00,0.002879713661968708
2022-09-24 22:00:00+00:00,0.0028455366846174
2022-09-24 23:00:00+00:00,0.0028260177932679653
2022-09-25 00:00:00+00:00,0.0028231083415448666
2022-09-25 01:00:00+00:00,0.002830410609021783
2022-09-25 02:00:00+00:00,0.002837556879967451
2022-09-25 03:00:00+00:00,0.002847034251317382
2022-09-25 04:00:00+00:00,0.002845980692654848
2022-09-25 05:00:00+00:00,0.0028480621986091137
2022-09-25 06:00:00+00:00,0.002847926691174507
2022-09-25 07:00:00+00:00,0.0028405198827385902
2022-09-25 08:00:00+00:00,0.0028403112664818764
2022-09-25 09:00:00+00:00,0.0028319419361650944
2022-09-25 10:00:00+00:00,0.0028357303235679865
2022-09-25 11:00:00+00:00,0.0028334620874375105
2022-09-25 12:00:00+00:00,0.0028328418266028166
2022-09-25 13:00:00+00:00,0.002836198080331087
2022-09-25 14:00:00+00:00,0.0028365415055304766
2022-09-25 15:00:00+00:00,0.002844806993380189
2022-09-25 16:00:00+00:00,0.0028343917801976204
2022-09-25 17:00:00+00:00,0.002824855735525489
2022-09-25 18:00:00+00:00,0.0028359389398247004
2022-09-25 19:00:00+00:00,0.002842048415914178
2022-09-25 20:00:00+00:00,0.0028324860613793135
2022-09-25 21:00:00+00:00,0.0028236659709364176
2022-09-25 22:00:00+00:00,0.0028159054927527905
2022-09-25 23:00:00+00:00,0.002800668589770794
2022-09-26 00:00:00+00:00,0.0027975235134363174
2022-09-26 01:00:00+00:00,0.0028049892280250788
2022-09-26 02:00:00+00:00,0.002805868862196803
2022-09-26 03:00:00+00:00,0.002803407609462738
2022-09-26 04:00:00+00:00,0.0028061429038643837
2022-09-26 05:00:00+00:00,0.002813022816553712
2022-09-26 06:00:00+00:00,0.0028005659114569426
2022-09-26 07:00:00+00:00,0.0027700704522430897
2022-09-26 08:00:00+00:00,0.0027814283967018127
2022-09-26 09:00:00+00:00,0.0027854766231030226
2022-09-26 10:00:00+00:00,0.0027800528332591057
2022-09-26 11:00:00+00:00,0.002790275262668729
2022-09-26 12:00:00+00:00,0.0027968038339167833
2022-09-26 13:00:00+00:00,0.002786461263895035
2022-09-26 14:00:00+00:00,0.0027790158055722713
2022-09-26 15:00:00+00:00,0.0027783745899796486
2022-09-26 16:00:00+00:00,0.0027732038870453835
2022-09-26 17:00:00+00:00,0.002766199642792344
2022-09-26 18:00:00+00:00,0.002769850194454193
2022-09-26 19:00:00+00:00,0.002770532388240099
2022-09-26 20:00:00+00:00,0.002773214830085635
2022-09-26 21:00:00+00:00,0.0027734492905437946
2022-09-26 22:00:00+00:00,0.0027775675989687443
2022-09-26 23:00:00+00:00,0.0027785426937043667
2022-09-27 00:00:00+00:00,0.002785605611279607
2022-09-27 01:00:00+00:00,0.0027811245527118444
2022-09-27 02:00:00+00:00,0.0027547134086489677
2022-09-27 03:00:00+00:00,0.002732908586040139
2022-09-27 04:00:00+00:00,0.002736876718699932
2022-09-27 05:00:00+00:00,0.002728149062022567
2022-09-27 06:00:00+00:00,0.0027243010699748993
2022-09-27 07:00:00+00:00,0.002719907322898507
2022-09-27 08:00:00+00:00,0.0027121056336909533
2022-09-27 09:00:00+00:00,0.002706748666241765
2022-09-27 10:00:00+00:00,0.002709271153435111
2022-09-27 11:00:00+00:00,0.0027225392404943705
2022-09-27 12:00:00+00:00,0.0027102273888885975
2022-09-27 13:00:00+00:00,0.002715872600674629
2022-09-27 14:00:00+00:00,0.0027214176952838898
2022-09-27 15:00:00+00:00,0.002724762773141265
2022-09-27 16:00:00+00:00,0.002761992160230875
2022-09-27 17:00:00+00:00,0.0027479950804263353
2022-09-27 18:00:00+00:00,0.002749852603301406
2022-09-28 13:17:14+00:00,0.00276300,
2022-09-28 13:20:28+00:00,0.00276100,0.00013181,0.00041362,
2022-09-28 13:21:44+00:00,0.00276100,
2022-09-28 13:24:48+00:00,0.00276400,0.00013181,0.00144450,
2022-09-28 13:27:14+00:00,0.00276800,
2022-09-28 13:30:58+00:00,0.00277200,0.00013181,0.00133637,
2022-09-28 13:36:02+00:00,0.00276700,0.00013181,0.00133637,
2022-09-28 13:40:23+00:00,0.00276500,0.12101081,0.00100133,
